{"assets/data/android_mb_log_config.json":["assets/data/android_mb_log_config.json"],"assets/data/android_qm_log_config.json":["assets/data/android_qm_log_config.json"],"assets/data/android_wx_log_config.json":["assets/data/android_wx_log_config.json"],"assets/data/ios_mb_log_config.json":["assets/data/ios_mb_log_config.json"],"assets/data/ios_qm_log_config.json":["assets/data/ios_qm_log_config.json"],"assets/data/ios_wx_log_config.json":["assets/data/ios_wx_log_config.json"],"assets/flutter.db":["assets/flutter.db"],"assets/fonts/BalooBhai2-Regular.ttf":["assets/fonts/BalooBhai2-Regular.ttf"],"assets/fonts/CHOPS.TTF":["assets/fonts/CHOPS.TTF"],"assets/fonts/ComicNeue-Regular.ttf":["assets/fonts/ComicNeue-Regular.ttf"],"assets/fonts/Inconsolata-Regular.ttf":["assets/fonts/Inconsolata-Regular.ttf"],"assets/fonts/IndieFlower-Regular.ttf":["assets/fonts/IndieFlower-Regular.ttf"],"assets/fonts/Neucha-Regular.ttf":["assets/fonts/Neucha-Regular.ttf"],"assets/iconfont/toly_icon.ttf":["assets/iconfont/toly_icon.ttf"],"assets/images/.DS_Store":["assets/images/.DS_Store"],"assets/images/anim_draw.webp":["assets/images/anim_draw.webp"],"assets/images/base_draw.webp":["assets/images/base_draw.webp"],"assets/images/caver.webp":["assets/images/caver.webp"],"assets/images/coffee_wx.webp":["assets/images/coffee_wx.webp"],"assets/images/coffee_wx_ac.webp":["assets/images/coffee_wx_ac.webp"],"assets/images/coffee_zfb.webp":["assets/images/coffee_zfb.webp"],"assets/images/dart.webp":["assets/images/dart.webp"],"assets/images/draw_bg3.webp":["assets/images/draw_bg3.webp"],"assets/images/draw_bg4.webp":["assets/images/draw_bg4.webp"],"assets/images/flutter.png":["assets/images/flutter.png"],"assets/images/head_icon/icon_5.webp":["assets/images/head_icon/icon_5.webp"],"assets/images/head_icon/icon_6.webp":["assets/images/head_icon/icon_6.webp"],"assets/images/head_icon/icon_7.webp":["assets/images/head_icon/icon_7.webp"],"assets/images/head_icon/icon_8.webp":["assets/images/head_icon/icon_8.webp"],"assets/images/icon_head.webp":["assets/images/icon_head.webp"],"assets/images/java.webp":["assets/images/java.webp"],"assets/images/kotlin.webp":["assets/images/kotlin.webp"],"assets/images/leaf.webp":["assets/images/leaf.webp"],"assets/images/left_chat.png":["assets/images/left_chat.png"],"assets/images/logo1.webp":["assets/images/logo1.webp"],"assets/images/right_chat.png":["assets/images/right_chat.png"],"assets/images/sabar.webp":["assets/images/sabar.webp"],"assets/images/sabar_bar.webp":["assets/images/sabar_bar.webp"],"assets/images/wechat.webp":["assets/images/wechat.webp"],"assets/images/widgets/ActionChip.webp":["assets/images/widgets/ActionChip.webp"],"assets/images/widgets/Banner.webp":["assets/images/widgets/Banner.webp"],"assets/images/widgets/Card.webp":["assets/images/widgets/Card.webp"],"assets/images/widgets/CheckBoxListTile.webp":["assets/images/widgets/CheckBoxListTile.webp"],"assets/images/widgets/Chip.webp":["assets/images/widgets/Chip.webp"],"assets/images/widgets/ChoiceChip.webp":["assets/images/widgets/ChoiceChip.webp"],"assets/images/widgets/Container.webp":["assets/images/widgets/Container.webp"],"assets/images/widgets/FilterChip.webp":["assets/images/widgets/FilterChip.webp"],"assets/images/widgets/FlutterLogo.webp":["assets/images/widgets/FlutterLogo.webp"],"assets/images/widgets/GridTile.webp":["assets/images/widgets/GridTile.webp"],"assets/images/widgets/GridTileBar.webp":["assets/images/widgets/GridTileBar.webp"],"assets/images/widgets/Icon.webp":["assets/images/widgets/Icon.webp"],"assets/images/widgets/ImageIcon.webp":["assets/images/widgets/ImageIcon.webp"],"assets/images/widgets/InputChip.webp":["assets/images/widgets/InputChip.webp"],"assets/images/widgets/ListTile.webp":["assets/images/widgets/ListTile.webp"],"assets/images/widgets/RadioListTile.webp":["assets/images/widgets/RadioListTile.webp"],"assets/images/widgets/SwitchListTile.webp":["assets/images/widgets/SwitchListTile.webp"],"assets/images/widgets/Text.webp":["assets/images/widgets/Text.webp"],"assets/images/widgets/UserAccountsDrawerHeader.webp":["assets/images/widgets/UserAccountsDrawerHeader.webp"],"assets/images/widgets/Visibility.webp":["assets/images/widgets/Visibility.webp"],"assets/images/wxgzh.webp":["assets/images/wxgzh.webp"],"assets/images/wy_200x300.webp":["assets/images/wy_200x300.webp"],"assets/images/wy_300x200.webp":["assets/images/wy_300x200.webp"],"assets/images/wy_300x200_filter.webp":["assets/images/wy_300x200_filter.webp"],"assets/images/wy_30x20.webp":["assets/images/wy_30x20.webp"],"assets/version.json":["assets/version.json"],"packages/cupertino_icons/assets/CupertinoIcons.ttf":["packages/cupertino_icons/assets/CupertinoIcons.ttf"],"packages/window_manager/images/ic_chrome_close.png":["packages/window_manager/images/ic_chrome_close.png"],"packages/window_manager/images/ic_chrome_maximize.png":["packages/window_manager/images/ic_chrome_maximize.png"],"packages/window_manager/images/ic_chrome_minimize.png":["packages/window_manager/images/ic_chrome_minimize.png"],"packages/window_manager/images/ic_chrome_unmaximize.png":["packages/window_manager/images/ic_chrome_unmaximize.png"]}