[{"family":"MaterialIcons","fonts":[{"asset":"fonts/MaterialIcons-Regular.otf"}]},{"family":"TolyIcon","fonts":[{"asset":"assets/iconfont/toly_icon.ttf"}]},{"family":"IndieFlower","fonts":[{"asset":"assets/fonts/IndieFlower-Regular.ttf"}]},{"family":"BalooBhai2","fonts":[{"asset":"assets/fonts/BalooBhai2-Regular.ttf"}]},{"family":"Inconsolata","fonts":[{"asset":"assets/fonts/Inconsolata-Regular.ttf"}]},{"family":"Neucha","fonts":[{"asset":"assets/fonts/Neucha-Regular.ttf"}]},{"family":"ComicNeue","fonts":[{"asset":"assets/fonts/ComicNeue-Regular.ttf"}]},{"family":"CHOPS","fonts":[{"asset":"assets/fonts/CHOPS.TTF"}]},{"family":"packages/cupertino_icons/CupertinoIcons","fonts":[{"asset":"packages/cupertino_icons/assets/CupertinoIcons.ttf"}]}]