[
          {
                    "IrcKeyString":  "",
                    "Category":  "",
                    "LabelString":  [
                              "debug_http_response_log_v1",
                              "网络请求",
                              "pmSuccess"
                    ],
                    "InteractBeginKeyString":  "",
                    "InteractIdString":  "",
                    "FolderName":  "HTTP请求"
          },
          {
                    "IrcKeyString":  "",
                    "Category":  "",
                    "LabelString":  [
                              "IRCMessage"
                    ],
                    "InteractBeginKeyString":  "",
                    "InteractIdString":  "",
                    "FolderName":  "IRC"
          },
          {
                    "IrcKeyString":  "1v1_speech",
                    "Category":  "163",
                    "LabelString":  [
                              "Group1v1Bll"
                    ],
                    "InteractBeginKeyString":  "onOperation-open",
                    "InteractIdString":  "互动ID：",
                    "FolderName":  "单人上台"
          },
          {
                    "IrcKeyString":  "order_speech",
                    "Category":  "176",
                    "LabelString":  [
                              "inOrder"
                    ],
                    "InteractBeginKeyString":  "create OrderSpeechBll",
                    "InteractIdString":  "interactId",
                    "FolderName":  "顺次发言"
          },
          {
                    "IrcKeyString":  "turn_speech",
                    "Category":  "223",
                    "LabelString":  [
                              "TurnsSpeechSpeechLog"
                    ],
                    "InteractBeginKeyString":  "create OrderSpeechBll",
                    "InteractIdString":  "interactId",
                    "FolderName":  "轮流发言"
          },
          {
                    "IrcKeyString":  "",
                    "Category":  "",
                    "LabelString":  [
                              "GroupClassFrame3v3Bll"
                    ],
                    "InteractBeginKeyString":  "",
                    "InteractIdString":  "",
                    "FolderName":  "半身3V3课堂框架"
          },
          {
                    "IrcKeyString":  "",
                    "Category":  "",
                    "LabelString":  [
                              "TeamRtcServer",
                              "RtcRoom"
                    ],
                    "InteractBeginKeyString":  "",
                    "InteractIdString":  "",
                    "FolderName":  "RTC状态"
          },
          {
                    "IrcKeyString":  "160",
                    "Category":  "",
                    "LabelString":  [
                              "AiGestureBll"
                    ],
                    "InteractBeginKeyString":  "AIGesture_teacher_start",
                    "InteractIdString":  "interactId",
                    "FolderName":  "手势识别"
          },
          {
                    "IrcKeyString":  "",
                    "Category":  "",
                    "LabelString":  [
                              "QuestionPreloadDriver"
                    ],
                    "InteractBeginKeyString":  "",
                    "InteractIdString":  "",
                    "FolderName":  "新课件预下载"
          },
          {
                    "IrcKeyString":  "",
                    "Category":  "",
                    "LabelString":  [
                              "QuestionPreGetCoursewareDriver"
                    ],
                    "InteractBeginKeyString":  "",
                    "InteractIdString":  "",
                    "FolderName":  "大班预拉题"
          },
          {
                    "IrcKeyString":  "slide_3v3_test",
                    "Category":  "127",
                    "LabelString":  [
                              "InteractionCourseWareDriver",
                              "group3v3"
                    ],
                    "InteractBeginKeyString":  "onNotice loadCourseWare",
                    "InteractIdString":  "interactId",
                    "FolderName":  "教学互动"
          },
          {
                    "IrcKeyString":  "3v3_appointed_speech",
                    "Category":  "131",
                    "LabelString":  [
                              "group3v3"
                    ],
                    "InteractBeginKeyString":  "",
                    "InteractIdString":  "interactId",
                    "FolderName":  "点名发言"
          },
          {
                    "IrcKeyString":  "3v3_audio_speech",
                    "Category":  "154",
                    "LabelString":  [
                              "AudioSpeech3v3Bll"
                    ],
                    "InteractBeginKeyString":  "joinChannel:switchPlayer=",
                    "InteractIdString":  "interactId",
                    "FolderName":  "3V3语音发言"
          },
          {
                    "IrcKeyString":  "163",
                    "Category":  "157",
                    "LabelString":  [
                              "CardGameBll"
                    ],
                    "InteractBeginKeyString":  "显示卡牌入口",
                    "InteractIdString":  "interactId",
                    "FolderName":  "卡牌"
          },
          {
                    "IrcKeyString":  "",
                    "Category":  "",
                    "LabelString":  [
                              "WXLiveStickerLogLabel"
                    ],
                    "InteractBeginKeyString":  "",
                    "InteractIdString":  "",
                    "FolderName":  "AI贴纸"
          },
          {
                    "IrcKeyString":  "debate_interact",
                    "Category":  "",
                    "LabelString":  [
                              "GroupDebateNewModBll"
                    ],
                    "InteractBeginKeyString":  "create GroupDebateBll",
                    "InteractIdString":  "interactionId",
                    "FolderName":  "辩论会"
          },
          {
                    "IrcKeyString":  "debate_compete",
                    "Category":  "",
                    "LabelString":  [
                              "DebateRaceBll"
                    ],
                    "InteractBeginKeyString":  "create DebateRaceBll",
                    "InteractIdString":  "interactionId",
                    "FolderName":  "辩论赛"
          },
          {
                    "IrcKeyString":  "slide_test,light_question,light_question_f",
                    "Category":  "106,152",
                    "LabelString":  [
                              "h5_question",
                              "FutureCourseWareBll"
                    ],
                    "InteractBeginKeyString":  "大班未来课件_收到IRC的发题指令消息",
                    "InteractIdString":  "interactionId",
                    "FolderName":  "H5未来课件&轻问答"
          },
          {
                    "IrcKeyString":  "flash_moment",
                    "Category":  "209",
                    "LabelString":  [
                              "FlashMomentBll"
                    ],
                    "InteractBeginKeyString":  "startInteract 互动开始",
                    "InteractIdString":  "interactId",
                    "FolderName":  "闪光时刻"
          },
          {
                    "IrcKeyString":  "read_moment",
                    "Category":  "216",
                    "LabelString":  [
                              "ReadMomentBll"
                    ],
                    "InteractBeginKeyString":  "startInteract 互动开始",
                    "InteractIdString":  "interactId",
                    "FolderName":  "朗读时刻"
          },
          {
                    "IrcKeyString":  "raise_hand_speak",
                    "Category":  "197",
                    "LabelString":  [
                              "HandSpeakBll"
                    ],
                    "InteractBeginKeyString":  "showVideoSpeakPager",
                    "InteractIdString":  "interactionId",
                    "FolderName":  "举手发言"
          },
          {
                    "IrcKeyString":  "link_mic,link_mic_f",
                    "Category":  "",
                    "LabelString":  [
                              "AudioCallLog"
                    ],
                    "InteractBeginKeyString":  "用户点击举手按钮",
                    "InteractIdString":  "interactId",
                    "FolderName":  "语音连麦"
          },
          {
                    "IrcKeyString":  "h5_interact",
                    "Category":  "139",
                    "LabelString":  [
                              "NewExerciseH5Bll"
                    ],
                    "InteractBeginKeyString":  "",
                    "InteractIdString":  "interactId",
                    "FolderName":  "编程题"
          },
          {
                    "IrcKeyString":  "h5_interact",
                    "Category":  "139",
                    "LabelString":  [
                              "NewRecordExerciseH5Bll"
                    ],
                    "InteractBeginKeyString":  "",
                    "InteractIdString":  "interactId",
                    "FolderName":  "新录播编程"
          },
          {
                    "IrcKeyString":  "105",
                    "Category":  "2",
                    "LabelString":  [
                              "RedPackageBll"
                    ],
                    "InteractBeginKeyString":  "展示红包界面",
                    "InteractIdString":  "interactId",
                    "FolderName":  "红包"
          },
          {
                    "IrcKeyString":  "",
                    "Category":  "",
                    "LabelString":  [
                              "ResultView"
                    ],
                    "InteractBeginKeyString":  "",
                    "InteractIdString":  "",
                    "FolderName":  "互动统一结果页"
          },
          {
                    "IrcKeyString":  "rolePlay",
                    "Category":  "114",
                    "LabelString":  [
                              "RolePlayDrive"
                    ],
                    "InteractBeginKeyString":  "添加rolePlayPager成功",
                    "InteractIdString":  "interactId",
                    "FolderName":  "RolePlay"
          },
          {
                    "IrcKeyString":  "",
                    "Category":  "",
                    "LabelString":  [
                              "SignInDriver -ClassPk"
                    ],
                    "InteractBeginKeyString":  "",
                    "InteractIdString":  "",
                    "FolderName":  "班级PK和实体班级签到"
          },
          {
                    "IrcKeyString":  "",
                    "Category":  "",
                    "LabelString":  [
                            "QualitySignInDriver"
                    ],
                    "InteractBeginKeyString":  "",
                    "InteractIdString":  "",
                    "FolderName":  "素质1v6签到"
          },
          {
                    "IrcKeyString":  "",
                    "Category":  "",
                    "LabelString":  [
                              "GroupClassFrameNewModQualityBll"
                    ],
                    "InteractBeginKeyString":  "",
                    "InteractIdString":  "",
                    "FolderName":  "素质1V6课堂框架"
          },
          {
                    "IrcKeyString":  "",
                    "Category":  "",
                    "LabelString":  [
                              "GroupClassFramePrimaryBll"
                    ],
                    "InteractBeginKeyString":  "",
                    "InteractIdString":  "",
                    "FolderName":  "18人小班课堂框架"
          },
          {
                    "IrcKeyString":  "slide_speaker",
                    "Category":  "133",
                    "LabelString":  [
                              "SuperSpeechDriver"
                    ],
                    "InteractBeginKeyString":  "",
                    "InteractIdString":  "interactId",
                    "FolderName":  "超级演讲秀"
          },
          {
                    "IrcKeyString":  "photo_wall",
                    "Category":  "",
                    "LabelString":  [
                              "photoWallLog"
                    ],
                    "InteractBeginKeyString":  "",
                    "InteractIdString":  "",
                    "FolderName":  "拍照上墙"
          },
          {
                    "IrcKeyString":  "experiment_interact",
                    "Category":  "182",
                    "LabelString":  [
                              "experimentLog"
                    ],
                    "InteractBeginKeyString":  "start-----",
                    "InteractIdString":  "interactId",
                    "FolderName":  "一起实验"
          },
          {
                    "IrcKeyString":  "group_discussion",
                    "Category":  "193",
                    "LabelString":  [
                              "StatementsBll"
                    ],
                    "InteractBeginKeyString":  "",
                    "InteractIdString":  "interactId",
                    "FolderName":  "1v6同时发言"
          },
          {
                    "IrcKeyString":  "3v3_collective_speech",
                    "Category":  "129",
                    "LabelString":  [
                              "VideoSpeech3v3Bll"
                    ],
                    "InteractBeginKeyString":  "TogetherSpeechStart",
                    "InteractIdString":  "interactId",
                    "FolderName":  "3v3同时发言"
          },
          {
                    "IrcKeyString":  "video_mic_f,video_mic,group_linkmic",
                    "Category":  "125,180",
                    "LabelString":  [
                              "VideoCallLog"
                    ],
                    "InteractBeginKeyString":  "",
                    "InteractIdString":  "interactId",
                    "FolderName":  "视频连麦"
          },
          {
                    "IrcKeyString":  "10132",
                    "Category":  "",
                    "LabelString":  [
                              "AiPraiseDriver",
                              "AiPraise1V6Driver",
                              "AiPraiseBackDriver"
                    ],
                    "InteractBeginKeyString":  "",
                    "InteractIdString":  "",
                    "FolderName":  "语音表扬"
          },
          {
                    "IrcKeyString":  "",
                    "Category":  "",
                    "LabelString":  [
                              "RankingListResultView"
                    ],
                    "InteractBeginKeyString":  "",
                    "InteractIdString":  "",
                    "FolderName":  "排行榜"
          },
          {
                    "IrcKeyString":  "",
                    "Category":  "",
                    "LabelString":  [
                              "WXLiveH5Evaluation"
                    ],
                    "InteractBeginKeyString":  "",
                    "InteractIdString":  "",
                    "FolderName":  "H5测评"
          },
          {
                    "IrcKeyString":  "",
                    "Category":  "",
                    "LabelString":  [
                              "appFrontCallback"
                    ],
                    "InteractBeginKeyString":  "",
                    "InteractIdString":  "",
                    "FolderName":  "前后台切换"
          },
          {
                    "IrcKeyString":  "",
                    "Category":  "",
                    "LabelString":  [
                              "StaticWeb"
                    ],
                    "InteractBeginKeyString":  "",
                    "InteractIdString":  "",
                    "FolderName":  "H5课件WebHook"
          },
          {
                    "IrcKeyString":  "",
                    "Category":  "",
                    "LabelString":  [
                              "SimpleBusinessPlayLog",
                              "BaseLivePlayDriver"
                    ],
                    "InteractBeginKeyString":  "",
                    "InteractIdString":  "",
                    "FolderName":  "PSIjk&Rtc Player播放器"
          },
          {
                    "IrcKeyString":  "",
                    "Category":  "",
                    "LabelString":  [
                            "LiveBackPlayNewModQualityDriver"
                    ],
                    "InteractBeginKeyString":  "",
                    "InteractIdString":  "",
                    "FolderName":  "素质1v6回放播放器"
          },
          {
                    "IrcKeyString":  "",
                    "Category":  "",
                    "LabelString":  [
                      "LiveBackUnifyPlayDriver"
                    ],
                    "InteractBeginKeyString":  "",
                    "InteractIdString":  "",
                    "FolderName":  "三分屏统一回放播放器"
          },
          {
                    "IrcKeyString":  "",
                    "Category":  "",
                    "LabelString":  [
                      "LiveBackPlayHalfDriver"
                    ],
                    "InteractBeginKeyString":  "",
                    "InteractIdString":  "",
                    "FolderName":  "半身统一回放播放器"
          },
          {
                    "IrcKeyString":  "",
                    "Category":  "",
                    "LabelString":  [
                              "debug_download_resources"
                    ],
                    "InteractBeginKeyString":  "",
                    "InteractIdString":  "",
                    "FolderName":  "ODR"
          },
          {
                    "IrcKeyString":  "",
                    "Category":  "",
                    "LabelString":  [
                              "sectionsbll"
                    ],
                    "InteractBeginKeyString":  "",
                    "InteractIdString":  "",
                    "FolderName":  "新录播课堂框架"
          },
          {
                    "IrcKeyString":  "together_read",
                    "Category":  "218",
                    "LabelString":  [
                              "NewReadTogetherLog"
                    ],
                    "InteractBeginKeyString":  "initPager-addView",
                    "InteractIdString":  "interactionId",
                    "FolderName":  "一起阅读"
          },
          {
                    "IrcKeyString":  "read_together",
                    "Category":  "195",
                    "LabelString":  [
                              "GroupReadTogetherLog"
                    ],
                    "InteractBeginKeyString":  "",
                    "InteractIdString":  "interactId",
                    "FolderName":  "一起读书"
          },
          {
                    "IrcKeyString":  "vote,vote_f",
                    "Category":  "116",
                    "LabelString":  [
                              "LiveVote"
                    ],
                    "InteractBeginKeyString":  "",
                    "InteractIdString":  "interactId",
                    "FolderName":  "投票"
          },
          {
                    "IrcKeyString":  "interact_test",
                    "Category":  "1",
                    "LabelString":  [
                              "QualityQuestionSelfLiveDriver",
                              "QuestionLiveDriver",
                              "QuestionSelfPager"
                    ],
                    "InteractBeginKeyString":  "",
                    "InteractIdString":  "interactId",
                    "FolderName":  "1v6&3v3自传互动题"
          },
          {
                    "IrcKeyString":  "voicespeak_interact",
                    "Category":  "186",
                    "LabelString":  [
                              "GroupSpeechLog"
                    ],
                    "InteractBeginKeyString":  "",
                    "InteractIdString":  "interactId",
                    "FolderName":  "素质语音发言"
          },
          {
                    "IrcKeyString":  "162,168",
                    "Category":  "162",
                    "LabelString":  [
                              "CommonBoxDriver",
                              "QualityCommonBoxDriver"
                    ],
                    "InteractBeginKeyString":  "",
                    "InteractIdString":  "interactionId",
                    "FolderName":  "宝箱"
          },
          {
                    "IrcKeyString":  "optionspeak_interact",
                    "Category":  "184",
                    "LabelString":  [
                              "GroupSpeechLogPoint"
                    ],
                    "InteractBeginKeyString":  "",
                    "InteractIdString":  "interactId",
                    "FolderName":  "观点发言"
          },
          {
                    "IrcKeyString":  "h5_interact",
                    "Category":  "137,172",
                    "LabelString":  [
                              "NewCommonH5Pager"
                    ],
                    "InteractBeginKeyString":  "",
                    "InteractIdString":  "interactId",
                    "FolderName":  "通用H5"
          },
          {
                    "IrcKeyString":  "multi_evaluation",
                    "Category":  "188",
                    "LabelString":  [
                              "GameCourseWareLog"
                    ],
                    "InteractBeginKeyString":  "",
                    "InteractIdString":  "interactionId",
                    "FolderName":  "卡牌游戏"
          },
          {
                    "IrcKeyString":  "slide_voice,slide_voice_f",
                    "Category":  "112,221",
                    "LabelString":  [
                              "SpeechAssessDriver"
                    ],
                    "InteractBeginKeyString":  "",
                    "InteractIdString":  "interactId",
                    "FolderName":  "语音测评"
          },
          {
                    "IrcKeyString":  "group_speak,group_speak_f",
                    "Category":  "",
                    "LabelString":  [
                              "CollectiveSpeechDriver"
                    ],
                    "InteractBeginKeyString":  "",
                    "InteractIdString":  "interactId",
                    "FolderName":  "集体发言"
          },
          {
                    "IrcKeyString":  "smallClass_onStage",
                    "Category":  "206",
                    "LabelString":  [
                              "ManyUserOnStageDriver"
                    ],
                    "InteractBeginKeyString":  "",
                    "InteractIdString":  "interactId",
                    "FolderName":  "多人上台"
          },
          {
                    "IrcKeyString":  "",
                    "Category":  "213",
                    "LabelString":  [
                              "OpenRecordBll"
                    ],
                    "InteractBeginKeyString":  "",
                    "InteractIdString":  "interactionId",
                    "FolderName":  "开口发言"
          },
          {
                    "IrcKeyString":  "",
                    "Category":  "215",
                    "LabelString":  [
                              "PointRecordBll"
                    ],
                    "InteractBeginKeyString":  "",
                    "InteractIdString":  "interactionId",
                    "FolderName":  "观点录音"
          },
          {
                    "IrcKeyString":  "",
                    "Category":  "214",
                    "LabelString":  [
                              "PhotoAnswerBll"
                    ],
                    "InteractBeginKeyString":  "",
                    "InteractIdString":  "interactionId",
                    "FolderName":  "拍照作答"
          },
          {
                    "IrcKeyString":  "",
                    "Category":  "220",
                    "LabelString":  [
                              "RealPersonVideoBll"
                    ],
                    "InteractBeginKeyString":  "",
                    "InteractIdString":  "interactionId",
                    "FolderName":  "真人视频互动"
          },
          {
                    "IrcKeyString":  "light_speak",
                    "Category":  "",
                    "LabelString":  [
                              "QuickQuesSpeech3v3Bll"
                    ],
                    "InteractBeginKeyString":  "",
                    "InteractIdString":  "interactionId",
                    "FolderName":  "快问快答"
          }
]