[
  {
    "IrcKeyString": "",
    "Category": "",
    "LabelString": [
      "debug_http_response_log_v1",
      "网络请求",
      "pmSuccess"
    ],
    "InteractBeginKeyString": "",
    "InteractIdString": "",
    "FolderName": "HTTP请求"
  },
  {
    "IrcKeyString": "",
    "Category": "",
    "LabelString": [
      "IRCMessage"
    ],
    "InteractBeginKeyString": "",
    "InteractIdString": "",
    "FolderName": "IRC"
  },
  {
    "IrcKeyString": "",
    "Category": "",
    "LabelString": [
      "MobbyCourseware"
    ],
    "InteractBeginKeyString": "",
    "InteractIdString": "",
    "FolderName": "摩比课件"
  },
  {
    "IrcKeyString": "",
    "Category": "",
    "LabelString": [
      "MobbyTakePhoto"
    ],
    "InteractBeginKeyString": "",
    "InteractIdString": "",
    "FolderName": "拍照"
  },
  {
    "IrcKeyString": "",
    "Category": "",
    "LabelString": [
      "MobbyPlayBack"
    ],
    "InteractBeginKeyString": "",
    "InteractIdString": "",
    "FolderName": "回放"
  },
  {
    "IrcKeyString": "",
    "Category": "",
    "LabelString": [
      "MobbyReport"
    ],
    "InteractBeginKeyString": "",
    "InteractIdString": "",
    "FolderName": "上报"
  }
]
