[
          {
                    "IrcKeyString":  "",
                    "Category":  "",
                    "LabelString":  [
                              "网络请求响应数据",
                              "WXHttpRequestStatus",
                              "WXHttpResponseSuccessfulData"
                    ],
                    "InteractBeginKeyString":  "",
                    "InteractIdString":  "",
                    "FolderName":  "HTTP请求"
          },
          {
                    "IrcKeyString":  "",
                    "Category":  "",
                    "LabelString":  [
                              "SDKLiveIRCConnection",
                              "LiveBaseControllerIM"
                    ],
                    "InteractBeginKeyString":  "",
                    "InteractIdString":  "",
                    "FolderName":  "IRC"
          },
          {
                    "IrcKeyString":  "",
                    "Category":  "",
                    "LabelString":  [
                              "WXLiveViewContext"
                    ],
                    "InteractBeginKeyString":  "",
                    "InteractIdString":  "",
                    "FolderName":  "视图层级"
          },
          {
                    "IrcKeyString":  "",
                    "Category":  "",
                    "LabelString":  [
                              "WXLivePreload"
                    ],
                    "InteractBeginKeyString":  "",
                    "InteractIdString":  "",
                    "FolderName":  "新课件预下载"
          },
          {
                    "IrcKeyString":  "",
                    "Category":  "",
                    "LabelString":  [
                              "WXLivePreloadTest",
                              "LiveNewPreload",
                              "GetAllCoursewareMessageFailed"
                    ],
                    "InteractBeginKeyString":  "",
                    "InteractIdString":  "",
                    "FolderName":  "大班预拉题"
          },
          {
                    "IrcKeyString":  "slide_test",
                    "Category":  "106",
                    "LabelString":  [
                              "LiveNewFutureWebBusiness",
                              "LiveNewFutureBusiness",
                              "WXLiveFutureBusiness",
                              "WXLiveFutureWebBusiness"
                    ],
                    "InteractBeginKeyString":  "future_teacher_start",
                    "InteractIdString":  "interactionId",
                    "FolderName":  "未来课件"
          },
          {
                    "IrcKeyString":  "",
                    "Category":  "",
                    "LabelString":  [
                              "WXLiveHeartbeatBusiness"
                    ],
                    "InteractBeginKeyString":  "",
                    "InteractIdString":  "",
                    "FolderName":  "心跳"
          },
          {
                    "IrcKeyString":  "h5_interact",
                    "Category":  "139",
                    "LabelString":  [
                              "WXLiveProgram"
                    ],
                    "InteractBeginKeyString":  "Program_Start",
                    "InteractIdString":  "interactId",
                    "FolderName":  "编程题"
          },
          {
                    "IrcKeyString":  "",
                    "Category":  "",
                    "LabelString":  [
                              "WXLiveRecordRewardProgrameBusiness"
                    ],
                    "InteractBeginKeyString":  "",
                    "InteractIdString":  "",
                    "FolderName":  "录播编程激励"
          },
          {
                    "IrcKeyString":  "",
                    "Category":  "",
                    "LabelString":  [
                              "WXMTLView",
                              "WXLiveSafeArray",
                              "WXLiveRTCLog",
                              "LiveRTCPlayerLabel",
                              "WXSDLGLViewLog",
                              "RTCPlayer",
                              "WXLiveRTCCenter"
                    ],
                    "InteractBeginKeyString":  "",
                    "InteractIdString":  "",
                    "FolderName":  "RTCCenter"
          },
          {
                    "IrcKeyString":  "",
                    "Category":  "",
                    "LabelString":  [
                              "WXLiveRoomLifeCycleLabel",
                              "LightLiveRoomLabel",
                               "WXReadClassRoomLifeCycleLabel"
                    ],
                    "InteractBeginKeyString":  "",
                    "InteractIdString":  "",
                    "FolderName":  "直播控制器生命周期"
          },
          {
                    "IrcKeyString":  "",
                    "Category":  "",
                    "LabelString":  [
                              "WXLiveCourseWebHook"
                    ],
                    "InteractBeginKeyString":  "",
                    "InteractIdString":  "",
                    "FolderName":  "H5课件WebHook"
          },
          {
                    "IrcKeyString":  "",
                    "Category":  "",
                    "LabelString":  [
                              "WXPassOffline"
                    ],
                    "InteractBeginKeyString":  "",
                    "InteractIdString":  "",
                    "FolderName":  "WXPassOffline"
          },
          {
                    "IrcKeyString":  "",
                    "Category":  "",
                    "LabelString":  [
                              "WXPassOnline"
                    ],
                    "InteractBeginKeyString":  "",
                    "InteractIdString":  "",
                    "FolderName":  "WXPassOnline"
          },
          {
                    "IrcKeyString":  "",
                    "Category":  "",
                    "LabelString":  [
                              "WXResourcePreload"
                    ],
                    "InteractBeginKeyString":  "",
                    "InteractIdString":  "",
                    "FolderName":  "课件下载"
          },
          {
                    "IrcKeyString":  "",
                    "Category":  "",
                    "LabelString":  [
                              "LiveIJKVideoPlayer",
                              "WXPSPlayer"
                    ],
                    "InteractBeginKeyString":  "",
                    "InteractIdString":  "",
                    "FolderName":  "PSIJKPlayer播放器"
          },
          {
                    "IrcKeyString":  "",
                    "Category":  "",
                    "LabelString":  [
                              "WXLiveDeviceStoreSpace",
                              "storeSpace_M"
                    ],
                    "InteractBeginKeyString":  "",
                    "InteractIdString":  "",
                    "FolderName":  "设备存储空间"
          },
          {
                    "IrcKeyString":  "",
                    "Category":  "",
                    "LabelString":  [
                              "WXDemand_Cached",
                              "WXDemand_Success",
                              "WXDemand_Back",
                              "WXDemand_Enter",
                              "WXDemand_Failed"
                    ],
                    "InteractBeginKeyString":  "",
                    "InteractIdString":  "",
                    "FolderName":  "ODR"
          },
          {
                    "IrcKeyString":  "",
                    "Category":  "",
                    "LabelString":  [
                              "WXLiveAVAudioSession",
                              "WXATSESSION"
                    ],
                    "InteractBeginKeyString":  "",
                    "InteractIdString":  "",
                    "FolderName":  "AVAudioSession设置"
          },
          {
                    "IrcKeyString":  "",
                    "Category":  "",
                    "LabelString":  [
                              "WXLiveMobbyAppCoursewareBusiness"
                    ],
                    "InteractBeginKeyString":  "",
                    "InteractIdString":  "",
                    "FolderName":  "摩比课件日志"
          },
          {
                    "IrcKeyString":  "",
                    "Category":  "",
                    "LabelString":  [
                              "WXLiveMobbyAppCoursewareDownloadBusiness"
                    ],
                    "InteractBeginKeyString":  "",
                    "InteractIdString":  "",
                    "FolderName":  "摩比下载课件日志"
          },
          {
                    "IrcKeyString":  "",
                    "Category":  "",
                    "LabelString":  [
                              "WXLiveBackDownloader"
                    ],
                    "InteractBeginKeyString":  "",
                    "InteractIdString":  "",
                    "FolderName":  "摩比回放下载日志"
          },
          {
                    "IrcKeyString":  "",
                    "Category":  "1",
                    "LabelString":  [
                              "WXLiveMobbyAppCameraBusiness"
                    ],
                    "InteractBeginKeyString":  "",
                    "InteractIdString":  "",
                    "FolderName":  "摩比拍照日志"
          },
          {
                    "IrcKeyString":  "",
                    "Category":  "",
                    "LabelString":  [
                              "WXLiveMobbyAppClassBreakBusiness"
                    ],
                    "InteractBeginKeyString":  "",
                    "InteractIdString":  "",
                    "FolderName":  "摩比课间休息日志"
          },
          {
                    "IrcKeyString":  "",
                    "Category":  "",
                    "LabelString":  [
                              "WXLiveMobbyAppControlBusiness"
                    ],
                    "InteractBeginKeyString":  "",
                    "InteractIdString":  "",
                    "FolderName":  "摩比工具栏日志"
          },
          {
                    "IrcKeyString":  "",
                    "Category":  "",
                    "LabelString":  [
                              "WXLiveMobbyAppDiagnoseBusiness"
                    ],
                    "InteractBeginKeyString":  "",
                    "InteractIdString":  "",
                    "FolderName":  "摩比网络诊断日志"
          },
          {
                    "IrcKeyString":  "",
                    "Category":  "",
                    "LabelString":  [
                              "WXLiveMobbyAppMinorClassBusiness"
                    ],
                    "InteractBeginKeyString":  "",
                    "InteractIdString":  "",
                    "FolderName":  "摩比课堂框架日志"
          },
          {
                    "IrcKeyString":  "",
                    "Category":  "",
                    "LabelString":  [
                              "WXLiveMobbyAppOnStageBusiness"
                    ],
                    "InteractBeginKeyString":  "",
                    "InteractIdString":  "",
                    "FolderName":  "摩比上台日志"
          },
          {
                    "IrcKeyString":  "",
                    "Category":  "",
                    "LabelString":  [
                              "WXLiveMobbyAppStudentInfoBusiness"
                    ],
                    "InteractBeginKeyString":  "",
                    "InteractIdString":  "",
                    "FolderName":  "摩比学生列表日志"
          },
          {
                    "IrcKeyString":  "WXLiveMobbyAppIRCServerBusiness",
                    "Category":  "",
                    "LabelString":  [
                              "WXLiveMobbyAppIRCServerBusiness"
                    ],
                    "InteractBeginKeyString":  "",
                    "InteractIdString":  "",
                    "FolderName":  "摩比回放IRC推送日志"
          },
          {
            "IrcKeyString":  "",
            "Category":  "",
            "LabelString":  [
              "WXLiveMobbyAppLearningReportBusiness"
            ],
            "InteractBeginKeyString":  "",
            "InteractIdString":  "",
            "FolderName":  "学习报告日志"
          }
]