[
  {
    "IrcKeyString": "",
    "Category": "",
    "LabelString": [
      "网络请求响应数据",
      "WXHttpRequestStatus",
      "WXHttpResponseSuccessfulData"
    ],
    "InteractBeginKeyString": "",
    "InteractIdString": "",
    "FolderName": "HTTP请求"
  },
  {
    "IrcKeyString": "",
    "Category": "",
    "LabelString": [
      "SDKLiveIRCConnection",
      "LiveBaseControllerIM"
    ],
    "InteractBeginKeyString": "",
    "InteractIdString": "",
    "FolderName": "IRC"
  },
  {
    "IrcKeyString": "",
    "Category": "",
    "LabelString": [
      "WXLiveViewContext"
    ],
    "InteractBeginKeyString": "",
    "InteractIdString": "",
    "FolderName": "视图层级"
  },
  {
    "IrcKeyString": "",
    "Category": "",
    "LabelString": [
      "WXLivePreload"
    ],
    "InteractBeginKeyString": "",
    "InteractIdString": "",
    "FolderName": "新课件预下载"
  },
  {
    "IrcKeyString": "",
    "Category": "",
    "LabelString": [
      "WXLivePreloadTest",
      "LiveNewPreload",
      "GetAllCoursewareMessageFailed"
    ],
    "InteractBeginKeyString": "",
    "InteractIdString": "",
    "FolderName": "大班预拉题"
  },
  {
    "IrcKeyString": "slide_test",
    "Category": "106",
    "LabelString": [
      "WXReadClassFutureBusiness"
    ],
    "InteractBeginKeyString": "future_teacher_start",
    "InteractIdString": "interactionId",
    "FolderName": "未来课件"
  },
  {
    "IrcKeyString": "",
    "Category": "",
    "LabelString": [
      "WXLiveHeartbeatBusiness"
    ],
    "InteractBeginKeyString": "",
    "InteractIdString": "",
    "FolderName": "心跳日志"
  },
  {
    "IrcKeyString": "",
    "Category": "",
    "LabelString": [
      "WXMTLView",
      "WXLiveSafeArray",
      "WXLiveRTCLog",
      "LiveRTCPlayerLabel",
      "WXSDLGLViewLog",
      "RTCPlayer",
      "WXLiveRTCCenter"
    ],
    "InteractBeginKeyString": "",
    "InteractIdString": "",
    "FolderName": "RTCCenter"
  },
  {
    "IrcKeyString": "",
    "Category": "",
    "LabelString": [
      "WXLiveRoomLifeCycleLabel",
      "LightLiveRoomLabel",
      "WXReadClassRoomLifeCycleLabel"
    ],
    "InteractBeginKeyString": "",
    "InteractIdString": "",
    "FolderName": "直播控制器生命周期"
  },
  {
    "IrcKeyString": "",
    "Category": "",
    "LabelString": [
      "WXLiveCourseWebHook"
    ],
    "InteractBeginKeyString": "",
    "InteractIdString": "",
    "FolderName": "H5课件WebHook"
  },
  {
    "IrcKeyString": "",
    "Category": "",
    "LabelString": [
      "WXPassOffline",
      "WXPassOnline",
      "WXCommonSpeech"
    ],
    "InteractBeginKeyString": "",
    "InteractIdString": "",
    "FolderName": "WXPassOnline语音识别日志"
  },
  {
    "IrcKeyString": "",
    "Category": "",
    "LabelString": [
      "WXResourcePreload"
    ],
    "InteractBeginKeyString": "",
    "InteractIdString": "",
    "FolderName": "课件下载"
  },
  {
    "IrcKeyString": "",
    "Category": "",
    "LabelString": [
      "LiveIJKVideoPlayer",
      "WXPSPlayer"
    ],
    "InteractBeginKeyString": "",
    "InteractIdString": "",
    "FolderName": "PSIJKPlayer播放器"
  },
  {
    "IrcKeyString": "",
    "Category": "",
    "LabelString": [
      "WXLiveDeviceStoreSpace",
      "storeSpace_M"
    ],
    "InteractBeginKeyString": "",
    "InteractIdString": "",
    "FolderName": "设备存储空间"
  },
  {
    "IrcKeyString": "",
    "Category": "",
    "LabelString": [
      "WXDemand_Cached",
      "WXDemand_Success",
      "WXDemand_Back",
      "WXDemand_Enter",
      "WXDemand_Failed"
    ],
    "InteractBeginKeyString": "",
    "InteractIdString": "",
    "FolderName": "ODR"
  },
  {
    "IrcKeyString": "",
    "Category": "",
    "LabelString": [
      "WXLiveAVAudioSession",
      "WXATSESSION"
    ],
    "InteractBeginKeyString": "",
    "InteractIdString": "",
    "FolderName": "AVAudioSession设置"
  },
  {
    "IrcKeyString": "",
    "Category": "",
    "LabelString": [
      "WXReadClassEXTCameraManager"
    ],
    "InteractBeginKeyString": "",
    "InteractIdString": "",
    "FolderName": "外接摄像头日志"
  },
  {
    "IrcKeyString": "",
    "Category": "",
    "LabelString": [
      "WXReadClassBooklessMode"
    ],
    "InteractBeginKeyString": "",
    "InteractIdString": "",
    "FolderName": "屏幕热区互动"
  },
  {
    "IrcKeyString": "",
    "Category": "1",
    "LabelString": [
      "WXReadClassCoverMatch"
    ],
    "InteractBeginKeyString": "",
    "InteractIdString": "",
    "FolderName": "封面识别"
  },
  {
    "IrcKeyString": "",
    "Category": "",
    "LabelString": [
      "WXReadClassHotspotClick"
    ],
    "InteractBeginKeyString": "",
    "InteractIdString": "",
    "FolderName": "指读指答"
  },
  {
    "IrcKeyString": "",
    "Category": "",
    "LabelString": [
      "WXReadClassObjectMatch"
    ],
    "InteractBeginKeyString": "",
    "InteractIdString": "",
    "FolderName": "翻翻贴贴"
  },
  {
    "IrcKeyString": "",
    "Category": "",
    "LabelString": [
      "WXReadClassOnlyVideoBusiness"
    ],
    "InteractBeginKeyString": "",
    "InteractIdString": "",
    "FolderName": "视频互动"
  },
  {
    "IrcKeyString": "",
    "Category": "",
    "LabelString": [
      "WXReadClassTurnPageBusiness"
    ],
    "InteractBeginKeyString": "",
    "InteractIdString": "",
    "FolderName": "翻页互动"
  },
  {
    "IrcKeyString": "",
    "Category": "",
    "LabelString": [
      "WXReadClassVoiceMatchBusiness"
    ],
    "InteractBeginKeyString": "",
    "InteractIdString": "",
    "FolderName": "语音互动"
  },
  {
    "IrcKeyString": "",
    "Category": "",
    "LabelString": [
      "WXReadClassZhituModelManager"
    ],
    "InteractBeginKeyString": "",
    "InteractIdString": "",
    "FolderName": "zhitu模型"
  },
  {
    "IrcKeyString": "",
    "Category": "",
    "LabelString": [
      "WordsRecognizeManager"
    ],
    "InteractBeginKeyString": "",
    "InteractIdString": "",
    "FolderName": "语音识别"
  },
  {
    "IrcKeyString": "",
    "Category": "",
    "LabelString": [
      "WXReadClassPictureBusiness"
    ],
    "InteractBeginKeyString": "",
    "InteractIdString": "",
    "FolderName": "课堂框架"
  },
  {
    "IrcKeyString": "",
    "Category": "",
    "LabelString": [
      "WXReadClassPreloadManager"
    ],
    "InteractBeginKeyString": "",
    "InteractIdString": "",
    "FolderName": "资源下载"
  },
  {
    "IrcKeyString": "",
    "Category": "",
    "LabelString": [
      "zhituModelDetector"
    ],
    "InteractBeginKeyString": "",
    "InteractIdString": "",
    "FolderName": "模型检测"
  },
  {
    "IrcKeyString": "",
    "Category": "",
    "LabelString": [
      "WXReadClassObjectMove"
    ],
    "InteractBeginKeyString": "",
    "InteractIdString": "",
    "FolderName": "物体移动"
  },
  {
    "IrcKeyString": "",
    "Category": "",
    "LabelString": [
      "WXReadClassExtinguisher"
    ],
    "InteractBeginKeyString": "",
    "InteractIdString": "",
    "FolderName": "灭火器"
  },
  {
    "IrcKeyString": "",
    "Category": "",
    "LabelString": [
      "WXReadClassCoverInduct"
    ],
    "InteractBeginKeyString": "",
    "InteractIdString": "",
    "FolderName": "封面引入"
  },
  {
    "IrcKeyString": "",
    "Category": "",
    "LabelString": [
      "WXReadClassMagnifyGlass"
    ],
    "InteractBeginKeyString": "",
    "InteractIdString": "",
    "FolderName": "放大镜"
  }
]