[
          {
                    "IrcKeyString":  "",
                    "Category":  "",
                    "LabelString":  [
                              "网络请求响应数据",
                              "WXHttpRequestStatus",
                              "WXHttpResponseSuccessfulData"
                    ],
                    "InteractBeginKeyString":  "",
                    "InteractIdString":  "",
                    "FolderName":  "HTTP请求"
          },
          {
                    "IrcKeyString":  "",
                    "Category":  "",
                    "LabelString":  [
                              "SDKLiveIRCConnection",
                              "LiveBaseControllerIM"
                    ],
                    "InteractBeginKeyString":  "",
                    "InteractIdString":  "",
                    "FolderName":  "IRC"
          },
          {
                    "IrcKeyString":  "",
                    "Category":  "",
                    "LabelString":  [
                              "WXLiveViewContext"
                    ],
                    "InteractBeginKeyString":  "",
                    "InteractIdString":  "",
                    "FolderName":  "视图层级"
          },
          {
                    "IrcKeyString":  "1v1_speech",
                    "Category":  "163",
                    "LabelString":  [
                              "WXLiveSingleUpstageLogLabel"
                    ],
                    "InteractBeginKeyString":  "收到1v1上台互动开始指令",
                    "InteractIdString":  "互动ID：",
                    "FolderName":  "单人上台"
          },
          {
                    "IrcKeyString":  "order_speech",
                    "Category":  "176",
                    "LabelString":  [
                              "OrderSpeechSpeechLog"
                    ],
                    "InteractBeginKeyString":  "OrderSpeechStart",
                    "InteractIdString":  "interactId",
                    "FolderName":  "顺次发言"
          },
          {
                    "IrcKeyString":  "turn_speech",
                    "Category":  "223",
                    "LabelString":  [
                              "TurnsSpeechSpeechLog"
                    ],
                    "InteractBeginKeyString":  "TurnsSpeechStart",
                    "InteractIdString":  "interactId",
                    "FolderName":  "轮流发言"
          },
          {
                    "IrcKeyString":  "",
                    "Category":  "",
                    "LabelString":  [
                              "WXLiveHalf3V3LogLabel"
                    ],
                    "InteractBeginKeyString":  "",
                    "InteractIdString":  "",
                    "FolderName":  "半身3V3课堂框架"
          },
          {
                    "IrcKeyString":  "",
                    "Category":  "",
                    "LabelString":  [
                              "WXLiveHalf3V3RTCStatusLogLabel"
                    ],
                    "InteractBeginKeyString":  "",
                    "InteractIdString":  "",
                    "FolderName":  "半身3V3状态表"
          },
          {
                    "IrcKeyString":  "160",
                    "Category":  "",
                    "LabelString":  [
                              "kAIGestureLog"
                    ],
                    "InteractBeginKeyString":  "AIGesture_teacher_start",
                    "InteractIdString":  "interactId",
                    "FolderName":  "手势识别"
          },
          {
                    "IrcKeyString":  "",
                    "Category":  "",
                    "LabelString":  [
                              "WXLivePreload"
                    ],
                    "InteractBeginKeyString":  "",
                    "InteractIdString":  "",
                    "FolderName":  "新课件预下载"
          },
          {
                    "IrcKeyString":  "",
                    "Category":  "",
                    "LabelString":  [
                              "WXLivePreloadTest",
                              "LiveNewPreload",
                              "GetAllCoursewareMessageFailed"
                    ],
                    "InteractBeginKeyString":  "",
                    "InteractIdString":  "",
                    "FolderName":  "大班预拉题"
          },
          {
                    "IrcKeyString":  "slide_3v3_test",
                    "Category":  "127",
                    "LabelString":  [
                              "WXLive3v3TestsBusiness"
                    ],
                    "InteractBeginKeyString":  "v3Tests_teacher_start",
                    "InteractIdString":  "interactId",
                    "FolderName":  "教学互动"
          },
          {
                    "IrcKeyString":  "3v3_appointed_speech",
                    "Category":  "131",
                    "LabelString":  [
                              "AppointSpeechLog"
                    ],
                    "InteractBeginKeyString":  "AppointSpeechStart",
                    "InteractIdString":  "interactId",
                    "FolderName":  "点名发言"
          },
          {
                    "IrcKeyString":  "3v3_audio_speech",
                    "Category":  "154",
                    "LabelString":  [
                              "k3v3SpeakAudioLog"
                    ],
                    "InteractBeginKeyString":  "3v3_audio_speech_teacher_start",
                    "InteractIdString":  "interactId",
                    "FolderName":  "3V3语音发言"
          },
          {
                    "IrcKeyString":  "163",
                    "Category":  "157",
                    "LabelString":  [
                              "WXLiveCardPackageBusiness"
                    ],
                    "InteractBeginKeyString":  "cardPackage_teacher_start",
                    "InteractIdString":  "interactId",
                    "FolderName":  "卡牌"
          },
          {
                    "IrcKeyString":  "",
                    "Category":  "",
                    "LabelString":  [
                              "WXLiveStickerLogLabel"
                    ],
                    "InteractBeginKeyString":  "",
                    "InteractIdString":  "",
                    "FolderName":  "AI贴纸"
          },
          {
                    "IrcKeyString":  "debate_interact",
                    "Category":  "",
                    "LabelString":  [
                              "WXLiveDebateBusiness"
                    ],
                    "InteractBeginKeyString":  "debate_teacher_start",
                    "InteractIdString":  "interactionId",
                    "FolderName":  "辩论会"
          },
          {
                    "IrcKeyString":  "debate_compete",
                    "Category":  "",
                    "LabelString":  [
                              "WXLiveDebateMatchBusiness"
                    ],
                    "InteractBeginKeyString":  "debate_match_teacher_start",
                    "InteractIdString":  "interactionId",
                    "FolderName":  "辩论赛"
          },
          {
                    "IrcKeyString":  "slide_test",
                    "Category":  "106",
                    "LabelString":  [
                              "LiveNewFutureWebBusiness",
                              "LiveNewFutureBusiness",
                              "WXLiveFutureBusiness",
                              "WXLiveFutureWebBusiness"
                    ],
                    "InteractBeginKeyString":  "future_teacher_start",
                    "InteractIdString":  "interactionId",
                    "FolderName":  "未来课件"
          },
          {
                    "IrcKeyString":  "flash_moment",
                    "Category":  "209",
                    "LabelString":  [
                              "FlashTime"
                    ],
                    "InteractBeginKeyString":  "flashTime_teacher_start",
                    "InteractIdString":  "interactId",
                    "FolderName":  "闪光时刻"
          },
          {
                    "IrcKeyString":  "read_moment",
                    "Category":  "216",
                    "LabelString":  [
                              "ReadingTime"
                    ],
                    "InteractBeginKeyString":  "readingTime_teacher_start",
                    "InteractIdString":  "interactId",
                    "FolderName":  "朗读时刻"
          },
          {
                    "IrcKeyString":  "raise_hand_speak",
                    "Category":  "197",
                    "LabelString":  [
                              "QualityHandsUpSpeech"
                    ],
                    "InteractBeginKeyString":  "handsup_speech_teacher_start",
                    "InteractIdString":  "interactionId",
                    "FolderName":  "举手发言"
          },
          {
                    "IrcKeyString":  "",
                    "Category":  "",
                    "LabelString":  [
                              "WXLiveHeartbeatBusiness"
                    ],
                    "InteractBeginKeyString":  "",
                    "InteractIdString":  "",
                    "FolderName":  "心跳"
          },
          {
                    "IrcKeyString":  "",
                    "Category":  "",
                    "LabelString":  [
                              "LiveNewNBTestBusiness",
                              "WXLiveNBTest"
                    ],
                    "InteractBeginKeyString":  "",
                    "InteractIdString":  "",
                    "FolderName":  "NB实验"
          },
          {
                    "IrcKeyString":  "link_mic,link_mic_f",
                    "Category":  "",
                    "LabelString":  [
                              "WXLiveLinkMic"
                    ],
                    "InteractBeginKeyString":  "audio_linkmic_start",
                    "InteractIdString":  "互动id = ",
                    "FolderName":  "语音连麦"
          },
          {
                    "IrcKeyString":  "h5_interact",
                    "Category":  "139",
                    "LabelString":  [
                              "WXLiveProgram"
                    ],
                    "InteractBeginKeyString":  "Program_Start",
                    "InteractIdString":  "interactId",
                    "FolderName":  "编程题"
          },
          {
                    "IrcKeyString":  "",
                    "Category":  "",
                    "LabelString":  [
                              "WXLiveRecordRewardProgrameBusiness"
                    ],
                    "InteractBeginKeyString":  "",
                    "InteractIdString":  "",
                    "FolderName":  "录播编程激励"
          },
          {
                    "IrcKeyString":  "105",
                    "Category":  "2",
                    "LabelString":  [
                              "WXLiveRedPacket"
                    ],
                    "InteractBeginKeyString":  "startRedPacket",
                    "InteractIdString":  "互动id:",
                    "FolderName":  "红包"
          },
          {
                    "IrcKeyString":  "",
                    "Category":  "",
                    "LabelString":  [
                              "WXLiveRewardPageLabel"
                    ],
                    "InteractBeginKeyString":  "",
                    "InteractIdString":  "",
                    "FolderName":  "互动结果页"
          },
          {
                    "IrcKeyString":  "rolePlay",
                    "Category":  "114",
                    "LabelString":  [
                              "RoleplayBusiness",
                              "RolePlay"
                    ],
                    "InteractBeginKeyString":  "roleplay_teacher_start",
                    "InteractIdString":  "interactId",
                    "FolderName":  "RolePlay"
          },
          {
                    "IrcKeyString":  "",
                    "Category":  "",
                    "LabelString":  [
                              "WXLivePhotoSignLogLabel"
                    ],
                    "InteractBeginKeyString":  "",
                    "InteractIdString":  "",
                    "FolderName":  "拍照签到"
          },
          {
                    "IrcKeyString":  "",
                    "Category":  "",
                    "LabelString":  [
                              "WXLiveQualityLiveLogLabel"
                    ],
                    "InteractBeginKeyString":  "",
                    "InteractIdString":  "",
                    "FolderName":  "素质1V6课堂框架"
          },
          {
                    "IrcKeyString":  "",
                    "Category":  "",
                    "LabelString":  [
                              "WXLiveQualityLiveStatusLogLabel"
                    ],
                    "InteractBeginKeyString":  "",
                    "InteractIdString":  "",
                    "FolderName":  "素质1V6状态表"
          },
          {
                    "IrcKeyString":  "",
                    "Category":  "",
                    "LabelString":  [
                              "WXLiveSmallClassLiveLogLabel"
                    ],
                    "InteractBeginKeyString":  "",
                    "InteractIdString":  "",
                    "FolderName":  "小班课堂框架"
          },
          {
                    "IrcKeyString":  "",
                    "Category":  "",
                    "LabelString":  [
                              "WXLiveSmallClassLiveRTCStatusLogLabel"
                    ],
                    "InteractBeginKeyString":  "",
                    "InteractIdString":  "",
                    "FolderName":  "小班状态表"
          },
          {
                    "IrcKeyString":  "slide_speaker",
                    "Category":  "133",
                    "LabelString":  [
                              "WXLiveSuperLecturer",
                              "LiveNewSuperLecturerBusiness"
                    ],
                    "InteractBeginKeyString":  "superLecture_teacher_start",
                    "InteractIdString":  "interactId",
                    "FolderName":  "超级演讲秀"
          },
          {
                    "IrcKeyString":  "photo_wall",
                    "Category":  "",
                    "LabelString":  [
                              "WXLiveTakePhotoUpStage",
                              "LiveNewTakePhotoUpStageBusiness"
                    ],
                    "InteractBeginKeyString":  "",
                    "InteractIdString":  "",
                    "FolderName":  "拍照上墙"
          },
          {
                    "IrcKeyString":  "experiment_interact",
                    "Category":  "182",
                    "LabelString":  [
                              "TogetherExperiment"
                    ],
                    "InteractBeginKeyString":  "togetherExperiment_teacher_start",
                    "InteractIdString":  "interactId",
                    "FolderName":  "一起实验"
          },
          {
                    "IrcKeyString":  "3v3_collective_speech,group_discussion",
                    "Category":  "129,193",
                    "LabelString":  [
                              "TogetherSpeechLog"
                    ],
                    "InteractBeginKeyString":  "TogetherSpeechStart",
                    "InteractIdString":  "interactId",
                    "FolderName":  "同时发言"
          },
          {
                    "IrcKeyString":  "video_mic_f,video_mic,group_linkmic",
                    "Category":  "125,180",
                    "LabelString":  [
                              "WXLiveVideoLinkMic"
                    ],
                    "InteractBeginKeyString":  "start",
                    "InteractIdString":  "interactId",
                    "FolderName":  "视频连麦"
          },
          {
                    "IrcKeyString":  "10132",
                    "Category":  "",
                    "LabelString":  [
                              "WXLiveVoicePraiseBusiness"
                    ],
                    "InteractBeginKeyString":  "",
                    "InteractIdString":  "",
                    "FolderName":  "语音表扬"
          },
          {
                    "IrcKeyString":  "",
                    "Category":  "",
                    "LabelString":  [
                              "WXLiveRankListManager"
                    ],
                    "InteractBeginKeyString":  "",
                    "InteractIdString":  "",
                    "FolderName":  "排行榜"
          },
          {
                    "IrcKeyString":  "",
                    "Category":  "",
                    "LabelString":  [
                              "WXLiveH5Evaluation"
                    ],
                    "InteractBeginKeyString":  "",
                    "InteractIdString":  "",
                    "FolderName":  "H5测评"
          },
          {
                    "IrcKeyString":  "",
                    "Category":  "",
                    "LabelString":  [
                              "WXMTLView",
                              "WXLiveSafeArray",
                              "WXLiveRTCLog",
                              "LiveRTCPlayerLabel",
                              "WXSDLGLViewLog",
                              "RTCPlayer",
                              "WXLiveRTCCenter"
                    ],
                    "InteractBeginKeyString":  "",
                    "InteractIdString":  "",
                    "FolderName":  "RTCCenter"
          },
          {
                    "IrcKeyString":  "",
                    "Category":  "",
                    "LabelString":  [
                              "WXLiveRoomLifeCycleLabel",
                              "LightLiveRoomLabel"
                    ],
                    "InteractBeginKeyString":  "",
                    "InteractIdString":  "",
                    "FolderName":  "直播控制器生命周期"
          },
          {
                    "IrcKeyString":  "",
                    "Category":  "",
                    "LabelString":  [
                              "WXLiveCourseWebHook"
                    ],
                    "InteractBeginKeyString":  "",
                    "InteractIdString":  "",
                    "FolderName":  "H5课件WebHook"
          },
          {
                    "IrcKeyString":  "",
                    "Category":  "",
                    "LabelString":  [
                              "WXPassOffline"
                    ],
                    "InteractBeginKeyString":  "",
                    "InteractIdString":  "",
                    "FolderName":  "WXPassOffline"
          },
          {
                    "IrcKeyString":  "",
                    "Category":  "",
                    "LabelString":  [
                              "WXPassOnline"
                    ],
                    "InteractBeginKeyString":  "",
                    "InteractIdString":  "",
                    "FolderName":  "WXPassOnline"
          },
          {
                    "IrcKeyString":  "",
                    "Category":  "",
                    "LabelString":  [
                              "WXResourcePreload"
                    ],
                    "InteractBeginKeyString":  "",
                    "InteractIdString":  "",
                    "FolderName":  "课件下载"
          },
          {
                    "IrcKeyString":  "",
                    "Category":  "",
                    "LabelString":  [
                              "LiveIJKVideoPlayer",
                              "WXPSPlayer"
                    ],
                    "InteractBeginKeyString":  "",
                    "InteractIdString":  "",
                    "FolderName":  "PSIJKPlayer播放器"
          },
          {
                    "IrcKeyString":  "",
                    "Category":  "",
                    "LabelString":  [
                              "WXLiveDeviceStoreSpace",
                              "storeSpace_M"
                    ],
                    "InteractBeginKeyString":  "",
                    "InteractIdString":  "",
                    "FolderName":  "设备存储空间"
          },
          {
                    "IrcKeyString":  "",
                    "Category":  "",
                    "LabelString":  [
                              "WXDemand_Cached",
                              "WXDemand_Success",
                              "WXDemand_Back",
                              "WXDemand_Enter",
                              "WXDemand_Failed"
                    ],
                    "InteractBeginKeyString":  "",
                    "InteractIdString":  "",
                    "FolderName":  "ODR"
          },
          {
                    "IrcKeyString":  "",
                    "Category":  "",
                    "LabelString":  [
                              "WXLiveAVAudioSession",
                              "WXATSESSION"
                    ],
                    "InteractBeginKeyString":  "",
                    "InteractIdString":  "",
                    "FolderName":  "AVAudioSession设置"
          },
          {
                    "IrcKeyString":  "",
                    "Category":  "",
                    "LabelString":  [
                              "WXLiveRecordClassBusiness"
                    ],
                    "InteractBeginKeyString":  "",
                    "InteractIdString":  "",
                    "FolderName":  "新录播课堂框架"
          },
          {
                    "IrcKeyString":  "together_read",
                    "Category":  "218",
                    "LabelString":  [
                              "WXLiveReadingTogether"
                    ],
                    "InteractBeginKeyString":  "ReadingTogetherStart",
                    "InteractIdString":  "interactionId",
                    "FolderName":  "一起阅读"
          },
          {
                    "IrcKeyString":  "read_together",
                    "Category":  "195",
                    "LabelString":  [
                              "WXLiveTogetherReadBookBusiness"
                    ],
                    "InteractBeginKeyString":  "togetherReadBook_teacher_start",
                    "InteractIdString":  "interactId",
                    "FolderName":  "一起读书"
          },
          {
                    "IrcKeyString":  "vote,vote_f",
                    "Category":  "116",
                    "LabelString":  [
                              "WXLiveVoteBusiness"
                    ],
                    "InteractBeginKeyString":  "vote_teacher_start",
                    "InteractIdString":  "interactId",
                    "FolderName":  "投票"
          },
          {
                    "IrcKeyString":  "interact_test",
                    "Category":  "1",
                    "LabelString":  [
                              "WXLiveSelfUploadBusiness"
                    ],
                    "InteractBeginKeyString":  "selfUpload_teacher_start",
                    "InteractIdString":  "interactId",
                    "FolderName":  "自传互动题"
          },
          {
                    "IrcKeyString":  "voicespeak_interact",
                    "Category":  "186",
                    "LabelString":  [
                              "kQualitySpeakAudioLog"
                    ],
                    "InteractBeginKeyString":  "voice_speak_teacher_start",
                    "InteractIdString":  "interactId",
                    "FolderName":  "素质语音发言"
          },
          {
                    "IrcKeyString":  "162,168",
                    "Category":  "162",
                    "LabelString":  [
                              "WXLiveCommonBoxBusiness"
                    ],
                    "InteractBeginKeyString":  "groupBox_teacher_start",
                    "InteractIdString":  "interactionId",
                    "FolderName":  "宝箱"
          },
          {
                    "IrcKeyString":  "optionspeak_interact",
                    "Category":  "184",
                    "LabelString":  [
                              "WXLiveQualityPointAudioBusiness"
                    ],
                    "InteractBeginKeyString":  "qualityPointAudio_teacher_start",
                    "InteractIdString":  "interactId",
                    "FolderName":  "观点发言"
          },
          {
                    "IrcKeyString":  "h5_interact",
                    "Category":  "",
                    "LabelString":  [
                              "WXLiveLiveExam"
                    ],
                    "InteractBeginKeyString":  "LiveExam_Start",
                    "InteractIdString":  "interactId",
                    "FolderName":  "课中考试"
          },
          {
                    "IrcKeyString":  "h5_interact",
                    "Category":  "137,172",
                    "LabelString":  [
                              "WXLiveCommonH5"
                    ],
                    "InteractBeginKeyString":  "CommonH5_Start",
                    "InteractIdString":  "interactId",
                    "FolderName":  "通用H5"
          },
          {
                    "IrcKeyString":  "h5_interact",
                    "Category":  "222,227",
                    "LabelString":  [
                              "WXLiveCommonAI"
                    ],
                    "InteractBeginKeyString":  "CommonAI_Start",
                    "InteractIdString":  "interactionId",
                    "FolderName":  "通用AI"
          },
          {
                    "IrcKeyString":  "multi_evaluation",
                    "Category":  "188",
                    "LabelString":  [
                              "WXLiveCardGameBusiness"
                    ],
                    "InteractBeginKeyString":  "cardGame_teacher_start",
                    "InteractIdString":  "interactionId",
                    "FolderName":  "卡牌游戏"
          },
          {
                    "IrcKeyString":  "slide_voice,slide_voice_f",
                    "Category":  "112,221",
                    "LabelString":  [
                              "WXLiveVoiceEvaluationBusiness"
                    ],
                    "InteractBeginKeyString":  "TeacherBegin",
                    "InteractIdString":  "interactId",
                    "FolderName":  "语音测评"
          },
          {
                    "IrcKeyString":  "light_question,light_question_f",
                    "Category":  "152",
                    "LabelString":  [
                              "WXLiveFutureLightQABusiness"
                    ],
                    "InteractBeginKeyString":  "futureQA_teacher_start",
                    "InteractIdString":  "interactId",
                    "FolderName":  "轻问答"
          },
          {
                    "IrcKeyString":  "group_speak,group_speak_f",
                    "Category":  "",
                    "LabelString":  [
                              "WXLiveGroupSpeechCommonBusiness"
                    ],
                    "InteractBeginKeyString":  "groupSpeech_teacher_start",
                    "InteractIdString":  "interactId",
                    "FolderName":  "集体发言"
          },
          {
                    "IrcKeyString":  "smallClass_onStage",
                    "Category":  "206",
                    "LabelString":  [
                              "WXLiveMultiUpStageSmallClassBusiness"
                    ],
                    "InteractBeginKeyString":  "multiUpStage_teacher_start",
                    "InteractIdString":  "interactId",
                    "FolderName":  "多人上台"
          },
          {
                    "IrcKeyString":  "",
                    "Category":  "213",
                    "LabelString":  [
                              "WXLiveNewRecordOpenMouseAudioBusiness"
                    ],
                    "InteractBeginKeyString":  "recordOpenMouseAudio_teacher_start",
                    "InteractIdString":  "interactionId",
                    "FolderName":  "开口录音"
          },
          {
                    "IrcKeyString":  "",
                    "Category":  "215",
                    "LabelString":  [
                              "WXLiveNewRecordPointAudioBusiness"
                    ],
                    "InteractBeginKeyString":  "recordPointAudio_teacher_start",
                    "InteractIdString":  "interactionId",
                    "FolderName":  "观点录音"
          },
          {
                    "IrcKeyString":  "",
                    "Category":  "214",
                    "LabelString":  [
                              "WXLivePhotographAnswerRecordClassBusiness"
                    ],
                    "InteractBeginKeyString":  "photographAnswer_teacher_start",
                    "InteractIdString":  "interactionId",
                    "FolderName":  "拍照作答"
          },
          {
                    "IrcKeyString":  "",
                    "Category":  "220",
                    "LabelString":  [
                              "WXLiveRealSpeechBaseBusiness"
                    ],
                    "InteractBeginKeyString":  "realSpeech_init",
                    "InteractIdString":  "interactionId",
                    "FolderName":  "真人视频互动"
          },
          {
                    "IrcKeyString":  "light_speak",
                    "Category":  "",
                    "LabelString":  [
                              "k3V3QuickSpeech"
                    ],
                    "InteractBeginKeyString":  "QuickSpeechStart",
                    "InteractIdString":  "interactionId",
                    "FolderName":  "快问快答"
          }
]