{
	"skeleton": {
		"hash": "5IQgrHiKXAOZh8ne0zT8GFluyCQ",
		"spine": "3.8.99",
		"x": -204.92,
		"y": -331.98,
		"width": 394.14,
		"height": 606.76,
		"images": "./images/",
		"audio": ""
	},
	"bones": [
		{
			"name": "root"
		},
		{
			"name": "ip",
			"parent": "root",
			"x": 1.33,
			"y": -91.51
		},
		{
			"name": "zuodabi",
			"parent": "ip",
			"length": 81.1,
			"rotation": -114.3,
			"x": -32.98,
			"y": 133.67
		},
		{
			"name": "zuoxiaobi",
			"parent": "zuodabi",
			"length": 94.95,
			"rotation": 7.68,
			"x": 81.1
		},
		{
			"name": "youdabi",
			"parent": "ip",
			"length": 81.31,
			"rotation": -67.76,
			"x": 10.85,
			"y": 134.27
		},
		{
			"name": "youxiaobi",
			"parent": "youdabi",
			"length": 89.24,
			"rotation": 3.54,
			"x": 81.31
		},
		{
			"name": "zuodatui",
			"parent": "ip",
			"length": 82.75,
			"rotation": -90.19,
			"x": -27.7,
			"y": 21.91
		},
		{
			"name": "zuoxiaotui",
			"parent": "zuodatui",
			"length": 81.13,
			"rotation": -1.16,
			"x": 82.47
		},
		{
			"name": "youdatui",
			"parent": "ip",
			"length": 80.61,
			"rotation": -87.86,
			"x": 11.04,
			"y": 21.56
		},
		{
			"name": "youxiaotui",
			"parent": "youdatui",
			"length": 83.3,
			"rotation": -2.9,
			"x": 80.61
		},
		{
			"name": "biaoqing",
			"parent": "ip",
			"length": 168.97,
			"rotation": 89.52,
			"x": -4.78,
			"y": 130.75
		},
		{
			"name": "toufa",
			"parent": "biaoqing",
			"x": 150.03,
			"y": 15.83
		},
		{
			"name": "kuang_1",
			"parent": "root"
		},
		{
			"name": "target2",
			"parent": "root",
			"x": -28.55,
			"y": -233.36,
			"color": "ff3f00ff"
		},
		{
			"name": "target1",
			"parent": "root",
			"x": 14.24,
			"y": -234.03,
			"color": "ff3f00ff"
		},
		{
			"name": "maozi_1",
			"parent": "biaoqing",
			"x": 172.91,
			"y": -37.61
		},
		{
			"name": "zuojiao",
			"parent": "zuoxiaotui",
			"length": 66.87,
			"rotation": 1.1,
			"x": 20.54,
			"y": 2.43
		},
		{
			"name": "youjiao",
			"parent": "youxiaotui",
			"length": 65.27,
			"rotation": -1,
			"x": 22.52,
			"y": 4.12
		},
		{
			"name": "kuang_2",
			"parent": "root",
			"y": -227.87
		},
		{
			"name": "kuang_3",
			"parent": "root",
			"y": 282.95
		}
	],
	"slots": [
		{
			"name": "che_1",
			"bone": "ip"
		},
		{
			"name": "youxiaobi_1",
			"bone": "youxiaobi",
			"attachment": "youxiaobi_1"
		},
		{
			"name": "youxiaotui_1",
			"bone": "youxiaotui",
			"attachment": "youxiaotui_1"
		},
		{
			"name": "youdatui_1",
			"bone": "youdatui",
			"attachment": "youdatui_1"
		},
		{
			"name": "youjiao_1",
			"bone": "youjiao",
			"attachment": "youjiao_1"
		},
		{
			"name": "youdabi_1",
			"bone": "youdabi",
			"attachment": "youdabi_1"
		},
		{
			"name": "zuoxiaotui_1",
			"bone": "zuoxiaotui",
			"attachment": "zuoxiaotui_1"
		},
		{
			"name": "zuodatui_1",
			"bone": "zuodatui",
			"attachment": "zuodatui_1"
		},
		{
			"name": "zuojiao_1",
			"bone": "zuojiao",
			"attachment": "zuojiao_1"
		},
		{
			"name": "pigu_1",
			"bone": "ip",
			"attachment": "pigu_1"
		},
		{
			"name": "shenti_1",
			"bone": "ip",
			"attachment": "shenti_1"
		},
		{
			"name": "zuoxiaobi_1",
			"bone": "zuoxiaobi",
			"attachment": "zuoxiaobi_1"
		},
		{
			"name": "zuodabi_1",
			"bone": "zuodabi",
			"attachment": "zuodabi_1"
		},
		{
			"name": "biaoqing_1",
			"bone": "biaoqing",
			"attachment": "biaoqing_1"
		},
		{
			"name": "toufa_1",
			"bone": "toufa",
			"attachment": "toufa_1"
		},
		{
			"name": "kuang_1",
			"bone": "kuang_1",
			"attachment": "kuang_1"
		},
		{
			"name": "maozi_1",
			"bone": "maozi_1"
		}
	],
	"ik": [
		{
			"name": "target",
			"bones": [
				"zuodatui",
				"zuoxiaotui"
			],
			"target": "target2",
			"bendPositive": false
		},
		{
			"name": "target1",
			"order": 1,
			"bones": [
				"youdatui",
				"youxiaotui"
			],
			"target": "target1",
			"bendPositive": false
		}
	],
	"skins": [
		{
			"name": "default",
			"attachments": {
				"biaoqing_1": {
					"biaoqing_1": {
						"x": 72.49,
						"y": 6.2,
						"rotation": -89.52,
						"width": 255,
						"height": 269
					},
					"biaoqing_2": {
						"x": 72.49,
						"y": 6.2,
						"rotation": -89.52,
						"width": 255,
						"height": 269
					},
					"biaoqing_3": {
						"x": 72.49,
						"y": 6.2,
						"rotation": -89.52,
						"width": 255,
						"height": 269
					},
					"biaoqing_4": {
						"x": 72.49,
						"y": 6.2,
						"rotation": -89.52,
						"width": 255,
						"height": 269
					},
					"biaoqing_5": {
						"x": 72.49,
						"y": 6.2,
						"rotation": -89.52,
						"width": 255,
						"height": 269
					},
					"biaoqing_6": {
						"x": 72.49,
						"y": 6.2,
						"rotation": -89.52,
						"width": 255,
						"height": 269
					}
				},
				"che_1": {
					"che_1": {
						"x": -1.33,
						"y": -7.31,
						"width": 273,
						"height": 265
					},
					"che_2": {
						"x": -1.33,
						"y": -7.31,
						"width": 273,
						"height": 265
					},
					"che_3": {
						"x": -1.33,
						"y": -7.31,
						"width": 396,
						"height": 275
					},
					"che_4": {
						"x": -1.33,
						"y": -7.31,
						"width": 396,
						"height": 275
					},
					"che_5": {
						"x": -1.33,
						"y": -7.31,
						"width": 396,
						"height": 275
					}
				},
				"kuang_1": {
					"kuang_1": {
						"type": "boundingbox",
						"vertexCount": 4,
						"vertices": [
							-102.64,
							250.83,
							76.66,
							249.07,
							76.16,
							-247.27,
							-103.08,
							-246.78
						]
					}
				},
				"maozi_1": {
					"maozi_1": {
						"x": -25.3,
						"y": 56.55,
						"rotation": -89.52,
						"width": 287,
						"height": 201
					},
					"maozi_2": {
						"x": -25.3,
						"y": 56.55,
						"rotation": -89.52,
						"width": 287,
						"height": 201
					},
					"maozi_3": {
						"x": -25.3,
						"y": 56.55,
						"rotation": -89.52,
						"width": 287,
						"height": 201
					},
					"maozi_4": {
						"x": -25.3,
						"y": 56.55,
						"rotation": -89.52,
						"width": 287,
						"height": 201
					},
					"maozi_5": {
						"x": -25.3,
						"y": 56.55,
						"rotation": -89.52,
						"width": 287,
						"height": 201
					}
				},
				"pigu_1": {
					"pigu_1": {
						"x": -7.11,
						"y": 7.38,
						"width": 255,
						"height": 269
					},
					"pigu_2": {
						"x": -7.11,
						"y": 7.38,
						"width": 255,
						"height": 269
					},
					"pigu_3": {
						"x": -7.11,
						"y": 7.38,
						"width": 255,
						"height": 269
					},
					"pigu_4": {
						"x": -7.11,
						"y": 7.38,
						"width": 255,
						"height": 269
					},
					"pigu_5": {
						"x": -7.11,
						"y": 7.38,
						"width": 255,
						"height": 269
					},
					"pigu_6": {
						"x": -7.11,
						"y": 7.38,
						"width": 255,
						"height": 269
					}
				},
				"shenti_1": {
					"shenti_1": {
						"x": -6.85,
						"y": 83.11,
						"width": 148,
						"height": 190
					},
					"shenti_2": {
						"x": -6.85,
						"y": 83.11,
						"width": 148,
						"height": 190
					},
					"shenti_3": {
						"x": -6.85,
						"y": 83.11,
						"width": 148,
						"height": 190
					},
					"shenti_4": {
						"x": -6.85,
						"y": 83.11,
						"width": 148,
						"height": 190
					},
					"shenti_5": {
						"x": -6.85,
						"y": 83.11,
						"width": 148,
						"height": 190
					},
					"shenti_6": {
						"x": -6.85,
						"y": 83.11,
						"width": 148,
						"height": 190
					}
				},
				"toufa_1": {
					"toufa_1": {
						"x": -49.08,
						"y": -3.08,
						"rotation": -89.52,
						"width": 255,
						"height": 269
					},
					"toufa_2": {
						"x": -49.08,
						"y": -3.08,
						"rotation": -89.52,
						"width": 255,
						"height": 269
					},
					"toufa_3": {
						"x": -49.08,
						"y": -3.08,
						"rotation": -89.52,
						"width": 255,
						"height": 269
					},
					"toufa_4": {
						"x": -49.08,
						"y": -3.08,
						"rotation": -89.52,
						"width": 255,
						"height": 269
					},
					"toufa_5": {
						"x": -49.08,
						"y": -3.08,
						"rotation": -89.52,
						"width": 255,
						"height": 269
					},
					"toufa_6": {
						"x": -49.08,
						"y": -3.08,
						"rotation": -89.52,
						"width": 255,
						"height": 269
					}
				},
				"youdabi_1": {
					"youdabi_1": {
						"x": 51.01,
						"y": 0.45,
						"rotation": 67.76,
						"width": 255,
						"height": 269
					},
					"youdabi_2": {
						"x": 51.01,
						"y": 0.45,
						"rotation": 67.76,
						"width": 255,
						"height": 269
					},
					"youdabi_3": {
						"x": 51.01,
						"y": 0.45,
						"rotation": 67.76,
						"width": 255,
						"height": 269
					},
					"youdabi_4": {
						"x": 51.01,
						"y": 0.45,
						"rotation": 67.76,
						"width": 255,
						"height": 269
					},
					"youdabi_5": {
						"x": 51.01,
						"y": 0.45,
						"rotation": 67.76,
						"width": 255,
						"height": 269
					},
					"youdabi_6": {
						"x": 51.01,
						"y": 0.45,
						"rotation": 67.76,
						"width": 255,
						"height": 269
					}
				},
				"youdatui_1": {
					"youdatui_1": {
						"x": 45.48,
						"y": -1.18,
						"rotation": 87.86,
						"width": 255,
						"height": 269
					},
					"youdatui_2": {
						"x": 45.48,
						"y": -1.18,
						"rotation": 87.86,
						"width": 255,
						"height": 269
					},
					"youdatui_3": {
						"x": 45.48,
						"y": -1.18,
						"rotation": 87.86,
						"width": 255,
						"height": 269
					},
					"youdatui_4": {
						"x": 45.48,
						"y": -1.18,
						"rotation": 87.86,
						"width": 255,
						"height": 269
					},
					"youdatui_5": {
						"x": 45.48,
						"y": -1.18,
						"rotation": 87.86,
						"width": 255,
						"height": 269
					},
					"youdatui_6": {
						"x": 45.48,
						"y": -1.18,
						"rotation": 87.86,
						"width": 255,
						"height": 269
					}
				},
				"youjiao_1": {
					"youjiao_1": {
						"x": 24.42,
						"y": 1.94,
						"rotation": 90.35,
						"width": 255,
						"height": 269
					},
					"youjiao_2": {
						"x": 24.42,
						"y": 1.94,
						"rotation": 90.35,
						"width": 255,
						"height": 269
					},
					"youjiao_3": {
						"x": 24.42,
						"y": 1.94,
						"rotation": 90.35,
						"width": 255,
						"height": 269
					},
					"youjiao_4": {
						"x": 24.42,
						"y": 1.94,
						"rotation": 90.35,
						"width": 255,
						"height": 269
					},
					"youjiao_5": {
						"x": 24.42,
						"y": 1.94,
						"rotation": 90.35,
						"width": 255,
						"height": 269
					},
					"youjiao_6": {
						"x": 24.42,
						"y": 1.94,
						"rotation": 90.35,
						"width": 255,
						"height": 269
					}
				},
				"youxiaobi_1": {
					"youxiaobi_1": {
						"x": 32.08,
						"y": 5.35,
						"rotation": 64.22,
						"width": 255,
						"height": 269
					},
					"youxiaobi_2": {
						"x": 32.08,
						"y": 5.35,
						"rotation": 64.22,
						"width": 255,
						"height": 269
					},
					"youxiaobi_3": {
						"x": 32.08,
						"y": 5.35,
						"rotation": 64.22,
						"width": 255,
						"height": 269
					},
					"youxiaobi_4": {
						"x": 32.08,
						"y": 5.35,
						"rotation": 64.22,
						"width": 255,
						"height": 269
					},
					"youxiaobi_5": {
						"x": 32.08,
						"y": 5.35,
						"rotation": 64.22,
						"width": 255,
						"height": 269
					},
					"youxiaobi_6": {
						"x": 32.08,
						"y": 5.35,
						"rotation": 64.22,
						"width": 255,
						"height": 269
					}
				},
				"youxiaotui_1": {
					"youxiaotui_1": {
						"x": 21.55,
						"y": -3.42,
						"rotation": 90.75,
						"width": 255,
						"height": 269
					},
					"youxiaotui_2": {
						"x": 21.55,
						"y": -3.42,
						"rotation": 90.75,
						"width": 255,
						"height": 269
					},
					"youxiaotui_3": {
						"x": 21.55,
						"y": -3.42,
						"rotation": 90.75,
						"width": 255,
						"height": 269
					},
					"youxiaotui_4": {
						"x": 21.55,
						"y": -3.42,
						"rotation": 90.75,
						"width": 255,
						"height": 269
					},
					"youxiaotui_5": {
						"x": 21.55,
						"y": -3.42,
						"rotation": 90.75,
						"width": 255,
						"height": 269
					},
					"youxiaotui_6": {
						"x": 21.55,
						"y": -3.42,
						"rotation": 90.75,
						"width": 255,
						"height": 269
					}
				},
				"zuodabi_1": {
					"zuodabi_1": {
						"x": 51.55,
						"y": -2.43,
						"rotation": 114.3,
						"width": 255,
						"height": 269
					},
					"zuodabi_2": {
						"x": 51.55,
						"y": -2.43,
						"rotation": 114.3,
						"width": 255,
						"height": 269
					},
					"zuodabi_3": {
						"x": 51.55,
						"y": -2.43,
						"rotation": 114.3,
						"width": 255,
						"height": 269
					},
					"zuodabi_4": {
						"x": 51.55,
						"y": -2.43,
						"rotation": 114.3,
						"width": 255,
						"height": 269
					},
					"zuodabi_5": {
						"x": 51.55,
						"y": -2.43,
						"rotation": 114.3,
						"width": 255,
						"height": 269
					},
					"zuodabi_6": {
						"x": 51.55,
						"y": -2.43,
						"rotation": 114.3,
						"width": 255,
						"height": 269
					}
				},
				"zuodatui_1": {
					"zuodatui_1": {
						"x": 45.58,
						"y": 2.32,
						"rotation": 90.19,
						"width": 255,
						"height": 269
					},
					"zuodatui_2": {
						"x": 45.58,
						"y": 2.32,
						"rotation": 90.19,
						"width": 255,
						"height": 269
					},
					"zuodatui_3": {
						"x": 45.58,
						"y": 2.32,
						"rotation": 90.19,
						"width": 255,
						"height": 269
					},
					"zuodatui_4": {
						"x": 45.58,
						"y": 2.32,
						"rotation": 90.19,
						"width": 255,
						"height": 269
					},
					"zuodatui_5": {
						"x": 45.58,
						"y": 2.32,
						"rotation": 90.19,
						"width": 255,
						"height": 269
					},
					"zuodatui_6": {
						"x": 45.58,
						"y": 2.32,
						"rotation": 90.19,
						"width": 255,
						"height": 269
					}
				},
				"zuojiao_1": {
					"zuojiao_1": {
						"x": 23.88,
						"y": 2.52,
						"rotation": 89.66,
						"width": 255,
						"height": 269
					},
					"zuojiao_2": {
						"x": 23.88,
						"y": 2.52,
						"rotation": 89.66,
						"width": 255,
						"height": 269
					},
					"zuojiao_3": {
						"x": 23.88,
						"y": 2.52,
						"rotation": 89.66,
						"width": 255,
						"height": 269
					},
					"zuojiao_4": {
						"x": 23.88,
						"y": 2.52,
						"rotation": 89.66,
						"width": 255,
						"height": 269
					},
					"zuojiao_5": {
						"x": 23.88,
						"y": 2.52,
						"rotation": 89.66,
						"width": 255,
						"height": 269
					},
					"zuojiao_6": {
						"x": 23.88,
						"y": 2.52,
						"rotation": 89.66,
						"width": 255,
						"height": 269
					}
				},
				"zuoxiaobi_1": {
					"zuoxiaobi_1": {
						"x": 36.32,
						"y": -2.1,
						"rotation": 106.62,
						"width": 255,
						"height": 269
					},
					"zuoxiaobi_2": {
						"x": 36.32,
						"y": -2.1,
						"rotation": 106.62,
						"width": 255,
						"height": 269
					},
					"zuoxiaobi_3": {
						"x": 36.32,
						"y": -2.1,
						"rotation": 106.62,
						"width": 255,
						"height": 269
					},
					"zuoxiaobi_4": {
						"x": 36.32,
						"y": -2.1,
						"rotation": 106.62,
						"width": 255,
						"height": 269
					},
					"zuoxiaobi_5": {
						"x": 36.32,
						"y": -2.1,
						"rotation": 106.62,
						"width": 255,
						"height": 269
					},
					"zuoxiaobi_6": {
						"x": 36.32,
						"y": -2.1,
						"rotation": 106.62,
						"width": 255,
						"height": 269
					}
				},
				"zuoxiaotui_1": {
					"zuoxiaotui_1": {
						"x": 23.17,
						"y": 1.71,
						"rotation": 91.35,
						"width": 255,
						"height": 269
					},
					"zuoxiaotui_2": {
						"x": 23.17,
						"y": 1.71,
						"rotation": 91.35,
						"width": 255,
						"height": 269
					},
					"zuoxiaotui_3": {
						"x": 23.17,
						"y": 1.71,
						"rotation": 91.35,
						"width": 255,
						"height": 269
					},
					"zuoxiaotui_4": {
						"x": 23.17,
						"y": 1.71,
						"rotation": 91.35,
						"width": 255,
						"height": 269
					},
					"zuoxiaotui_5": {
						"x": 23.17,
						"y": 1.71,
						"rotation": 91.35,
						"width": 255,
						"height": 269
					},
					"zuoxiaotui_6": {
						"x": 23.17,
						"y": 1.71,
						"rotation": 91.35,
						"width": 255,
						"height": 269
					}
				}
			}
		}
	],
	"animations": {
		"idle": {
			"slots": {
				"che_1": {
					"attachment": [
						{
							"name": null
						}
					]
				},
				"shenti_1": {
					"attachment": [
						{
							"name": "shenti_1"
						}
					]
				},
				"youxiaobi_1": {
					"attachment": [
						{
							"name": "youxiaobi_1"
						}
					]
				}
			},
			"bones": {
				"ip": {
					"translate": [
						{
							"curve": "stepped"
						},
						{
							"time": 0.1667
						}
					]
				}
			}
		},
		"show": {
			"bones": {
				"ip": {
					"rotate": [
						{
							"curve": "stepped"
						},
						{
							"time": 0.3333,
							"curve": "stepped"
						},
						{
							"time": 0.5,
							"curve": "stepped"
						},
						{
							"time": 0.6667
						}
					],
					"translate": [
						{
							"curve": "stepped"
						},
						{
							"time": 0.3333,
							"curve": "stepped"
						},
						{
							"time": 0.5,
							"curve": "stepped"
						},
						{
							"time": 0.6667
						}
					],
					"scale": [
						{
							"curve": "stepped"
						},
						{
							"time": 0.3333,
							"curve": "stepped"
						},
						{
							"time": 0.5,
							"curve": "stepped"
						},
						{
							"time": 0.6667
						}
					]
				},
				"root": {
					"rotate": [
						{
							"curve": "stepped"
						},
						{
							"time": 0.3333,
							"curve": "stepped"
						},
						{
							"time": 0.5,
							"curve": "stepped"
						},
						{
							"time": 0.6667
						}
					],
					"translate": [
						{
							"curve": "stepped"
						},
						{
							"time": 0.3333,
							"curve": "stepped"
						},
						{
							"time": 0.5,
							"curve": "stepped"
						},
						{
							"time": 0.6667
						}
					],
					"scale": [
						{
							"curve": "stepped"
						},
						{
							"time": 0.3333,
							"curve": "stepped"
						},
						{
							"time": 0.5,
							"curve": "stepped"
						},
						{
							"time": 0.6667
						}
					]
				},
				"zuodabi": {
					"rotate": [
						{
							"curve": 0.243,
							"c2": 0.46,
							"c3": 0.513,
							"c4": 0.82
						},
						{
							"time": 0.3333,
							"angle": -14.39,
							"curve": 0.243,
							"c2": 0.46,
							"c3": 0.513,
							"c4": 0.82
						},
						{
							"time": 0.5,
							"curve": "stepped"
						},
						{
							"time": 0.6667
						}
					],
					"translate": [
						{
							"curve": 0.243,
							"c2": 0.46,
							"c3": 0.513,
							"c4": 0.82
						},
						{
							"time": 0.3333,
							"y": 3.04,
							"curve": 0.243,
							"c2": 0.46,
							"c3": 0.513,
							"c4": 0.82
						},
						{
							"time": 0.5,
							"curve": "stepped"
						},
						{
							"time": 0.6667
						}
					],
					"scale": [
						{
							"curve": "stepped"
						},
						{
							"time": 0.3333,
							"curve": "stepped"
						},
						{
							"time": 0.5,
							"curve": "stepped"
						},
						{
							"time": 0.6667
						}
					]
				},
				"zuoxiaobi": {
					"rotate": [
						{
							"curve": 0.243,
							"c2": 0.46,
							"c3": 0.513,
							"c4": 0.82
						},
						{
							"time": 0.3333,
							"angle": -152.35,
							"curve": 0.243,
							"c2": 0.46,
							"c3": 0.513,
							"c4": 0.82
						},
						{
							"time": 0.5,
							"angle": -124.84,
							"curve": "stepped"
						},
						{
							"time": 0.6667,
							"angle": -124.84
						}
					],
					"translate": [
						{
							"curve": "stepped"
						},
						{
							"time": 0.3333,
							"curve": "stepped"
						},
						{
							"time": 0.5,
							"curve": "stepped"
						},
						{
							"time": 0.6667
						}
					],
					"scale": [
						{
							"curve": "stepped"
						},
						{
							"time": 0.3333,
							"curve": "stepped"
						},
						{
							"time": 0.5,
							"curve": "stepped"
						},
						{
							"time": 0.6667
						}
					]
				},
				"youdabi": {
					"rotate": [
						{
							"curve": 0.243,
							"c2": 0.46,
							"c3": 0.513,
							"c4": 0.82
						},
						{
							"time": 0.3333,
							"angle": 24.46,
							"curve": 0.243,
							"c2": 0.46,
							"c3": 0.513,
							"c4": 0.82
						},
						{
							"time": 0.5,
							"angle": 12.35,
							"curve": "stepped"
						},
						{
							"time": 0.6667,
							"angle": 12.35
						}
					],
					"translate": [
						{
							"curve": 0.243,
							"c2": 0.46,
							"c3": 0.513,
							"c4": 0.82
						},
						{
							"time": 0.3333,
							"y": 3.04,
							"curve": 0.243,
							"c2": 0.46,
							"c3": 0.513,
							"c4": 0.82
						},
						{
							"time": 0.5,
							"curve": "stepped"
						},
						{
							"time": 0.6667
						}
					],
					"scale": [
						{
							"curve": "stepped"
						},
						{
							"time": 0.3333,
							"curve": "stepped"
						},
						{
							"time": 0.5,
							"curve": "stepped"
						},
						{
							"time": 0.6667
						}
					]
				},
				"youxiaobi": {
					"rotate": [
						{
							"curve": 0.243,
							"c2": 0.46,
							"c3": 0.513,
							"c4": 0.82
						},
						{
							"time": 0.3333,
							"angle": 126.14,
							"curve": 0.243,
							"c2": 0.46,
							"c3": 0.513,
							"c4": 0.82
						},
						{
							"time": 0.5,
							"angle": 94.9,
							"curve": "stepped"
						},
						{
							"time": 0.6667,
							"angle": 94.9
						}
					],
					"translate": [
						{
							"curve": "stepped"
						},
						{
							"time": 0.3333,
							"curve": "stepped"
						},
						{
							"time": 0.5,
							"curve": "stepped"
						},
						{
							"time": 0.6667
						}
					],
					"scale": [
						{
							"curve": "stepped"
						},
						{
							"time": 0.3333,
							"curve": "stepped"
						},
						{
							"time": 0.5,
							"curve": "stepped"
						},
						{
							"time": 0.6667
						}
					]
				},
				"zuodatui": {
					"rotate": [
						{
							"angle": -0.57,
							"curve": "stepped"
						},
						{
							"time": 0.3333,
							"angle": -0.57,
							"curve": "stepped"
						},
						{
							"time": 0.5,
							"angle": -0.57,
							"curve": "stepped"
						},
						{
							"time": 0.6667,
							"angle": -0.57
						}
					],
					"translate": [
						{
							"curve": "stepped"
						},
						{
							"time": 0.3333,
							"curve": "stepped"
						},
						{
							"time": 0.5,
							"curve": "stepped"
						},
						{
							"time": 0.6667
						}
					],
					"scale": [
						{
							"curve": "stepped"
						},
						{
							"time": 0.3333,
							"curve": "stepped"
						},
						{
							"time": 0.5,
							"curve": "stepped"
						},
						{
							"time": 0.6667
						}
					]
				},
				"zuoxiaotui": {
					"rotate": [
						{
							"angle": 1.16,
							"curve": "stepped"
						},
						{
							"time": 0.3333,
							"angle": 1.16,
							"curve": "stepped"
						},
						{
							"time": 0.5,
							"angle": 1.16,
							"curve": "stepped"
						},
						{
							"time": 0.6667,
							"angle": 1.16
						}
					],
					"translate": [
						{
							"curve": "stepped"
						},
						{
							"time": 0.3333,
							"curve": "stepped"
						},
						{
							"time": 0.5,
							"curve": "stepped"
						},
						{
							"time": 0.6667
						}
					],
					"scale": [
						{
							"curve": "stepped"
						},
						{
							"time": 0.3333,
							"curve": "stepped"
						},
						{
							"time": 0.5,
							"curve": "stepped"
						},
						{
							"time": 0.6667
						}
					]
				},
				"youdatui": {
					"rotate": [
						{
							"angle": -1.49,
							"curve": "stepped"
						},
						{
							"time": 0.3333,
							"angle": -1.49,
							"curve": "stepped"
						},
						{
							"time": 0.5,
							"angle": -1.49,
							"curve": "stepped"
						},
						{
							"time": 0.6667,
							"angle": -1.49
						}
					],
					"translate": [
						{
							"curve": "stepped"
						},
						{
							"time": 0.3333,
							"curve": "stepped"
						},
						{
							"time": 0.5,
							"curve": "stepped"
						},
						{
							"time": 0.6667
						}
					],
					"scale": [
						{
							"curve": "stepped"
						},
						{
							"time": 0.3333,
							"curve": "stepped"
						},
						{
							"time": 0.5,
							"curve": "stepped"
						},
						{
							"time": 0.6667
						}
					]
				},
				"youxiaotui": {
					"rotate": [
						{
							"angle": 2.9,
							"curve": "stepped"
						},
						{
							"time": 0.3333,
							"angle": 2.9,
							"curve": "stepped"
						},
						{
							"time": 0.5,
							"angle": 2.9,
							"curve": "stepped"
						},
						{
							"time": 0.6667,
							"angle": 2.9
						}
					],
					"translate": [
						{
							"curve": "stepped"
						},
						{
							"time": 0.3333,
							"curve": "stepped"
						},
						{
							"time": 0.5,
							"curve": "stepped"
						},
						{
							"time": 0.6667
						}
					],
					"scale": [
						{
							"curve": "stepped"
						},
						{
							"time": 0.3333,
							"curve": "stepped"
						},
						{
							"time": 0.5,
							"curve": "stepped"
						},
						{
							"time": 0.6667
						}
					]
				},
				"biaoqing": {
					"rotate": [
						{
							"curve": "stepped"
						},
						{
							"time": 0.3333,
							"curve": "stepped"
						},
						{
							"time": 0.5,
							"curve": "stepped"
						},
						{
							"time": 0.6667
						}
					],
					"translate": [
						{
							"curve": 0.243,
							"c2": 0.46,
							"c3": 0.513,
							"c4": 0.82
						},
						{
							"time": 0.3333,
							"y": 2.02,
							"curve": 0.243,
							"c2": 0.46,
							"c3": 0.513,
							"c4": 0.82
						},
						{
							"time": 0.5,
							"curve": "stepped"
						},
						{
							"time": 0.6667
						}
					],
					"scale": [
						{
							"curve": "stepped"
						},
						{
							"time": 0.3333,
							"curve": "stepped"
						},
						{
							"time": 0.5,
							"curve": "stepped"
						},
						{
							"time": 0.6667
						}
					]
				},
				"toufa": {
					"rotate": [
						{
							"curve": "stepped"
						},
						{
							"time": 0.3333,
							"curve": "stepped"
						},
						{
							"time": 0.5,
							"curve": "stepped"
						},
						{
							"time": 0.6667
						}
					],
					"translate": [
						{
							"curve": "stepped"
						},
						{
							"time": 0.3333,
							"curve": "stepped"
						},
						{
							"time": 0.5,
							"curve": "stepped"
						},
						{
							"time": 0.6667
						}
					],
					"scale": [
						{
							"curve": "stepped"
						},
						{
							"time": 0.3333,
							"curve": "stepped"
						},
						{
							"time": 0.5,
							"curve": "stepped"
						},
						{
							"time": 0.6667
						}
					]
				},
				"kuang_1": {
					"rotate": [
						{
							"curve": "stepped"
						},
						{
							"time": 0.3333,
							"curve": "stepped"
						},
						{
							"time": 0.5,
							"curve": "stepped"
						},
						{
							"time": 0.6667
						}
					],
					"translate": [
						{
							"curve": "stepped"
						},
						{
							"time": 0.3333,
							"curve": "stepped"
						},
						{
							"time": 0.5,
							"curve": "stepped"
						},
						{
							"time": 0.6667
						}
					],
					"scale": [
						{
							"curve": "stepped"
						},
						{
							"time": 0.3333,
							"curve": "stepped"
						},
						{
							"time": 0.5,
							"curve": "stepped"
						},
						{
							"time": 0.6667
						}
					]
				},
				"target2": {
					"rotate": [
						{
							"curve": "stepped"
						},
						{
							"time": 0.3333,
							"curve": "stepped"
						},
						{
							"time": 0.5,
							"curve": "stepped"
						},
						{
							"time": 0.6667
						}
					],
					"translate": [
						{
							"curve": "stepped"
						},
						{
							"time": 0.3333,
							"curve": "stepped"
						},
						{
							"time": 0.5,
							"curve": "stepped"
						},
						{
							"time": 0.6667
						}
					],
					"scale": [
						{
							"curve": "stepped"
						},
						{
							"time": 0.3333,
							"curve": "stepped"
						},
						{
							"time": 0.5,
							"curve": "stepped"
						},
						{
							"time": 0.6667
						}
					]
				},
				"target1": {
					"rotate": [
						{
							"curve": "stepped"
						},
						{
							"time": 0.3333,
							"curve": "stepped"
						},
						{
							"time": 0.5,
							"curve": "stepped"
						},
						{
							"time": 0.6667
						}
					],
					"translate": [
						{
							"curve": "stepped"
						},
						{
							"time": 0.3333,
							"curve": "stepped"
						},
						{
							"time": 0.5,
							"curve": "stepped"
						},
						{
							"time": 0.6667
						}
					],
					"scale": [
						{
							"curve": "stepped"
						},
						{
							"time": 0.3333,
							"curve": "stepped"
						},
						{
							"time": 0.5,
							"curve": "stepped"
						},
						{
							"time": 0.6667
						}
					]
				},
				"maozi_1": {
					"rotate": [
						{
							"curve": "stepped"
						},
						{
							"time": 0.3333,
							"curve": "stepped"
						},
						{
							"time": 0.5,
							"curve": "stepped"
						},
						{
							"time": 0.6667
						}
					],
					"translate": [
						{
							"curve": "stepped"
						},
						{
							"time": 0.3333,
							"curve": "stepped"
						},
						{
							"time": 0.5,
							"curve": "stepped"
						},
						{
							"time": 0.6667
						}
					],
					"scale": [
						{
							"curve": "stepped"
						},
						{
							"time": 0.3333,
							"curve": "stepped"
						},
						{
							"time": 0.5,
							"curve": "stepped"
						},
						{
							"time": 0.6667
						}
					]
				},
				"zuojiao": {
					"rotate": [
						{
							"curve": "stepped"
						},
						{
							"time": 0.3333,
							"curve": "stepped"
						},
						{
							"time": 0.5,
							"curve": "stepped"
						},
						{
							"time": 0.6667
						}
					],
					"translate": [
						{
							"curve": "stepped"
						},
						{
							"time": 0.3333,
							"curve": "stepped"
						},
						{
							"time": 0.5,
							"curve": "stepped"
						},
						{
							"time": 0.6667
						}
					],
					"scale": [
						{
							"curve": "stepped"
						},
						{
							"time": 0.3333,
							"curve": "stepped"
						},
						{
							"time": 0.5,
							"curve": "stepped"
						},
						{
							"time": 0.6667
						}
					]
				},
				"youjiao": {
					"rotate": [
						{
							"curve": "stepped"
						},
						{
							"time": 0.3333,
							"curve": "stepped"
						},
						{
							"time": 0.5,
							"curve": "stepped"
						},
						{
							"time": 0.6667
						}
					],
					"translate": [
						{
							"curve": "stepped"
						},
						{
							"time": 0.3333,
							"curve": "stepped"
						},
						{
							"time": 0.5,
							"curve": "stepped"
						},
						{
							"time": 0.6667
						}
					],
					"scale": [
						{
							"curve": "stepped"
						},
						{
							"time": 0.3333,
							"curve": "stepped"
						},
						{
							"time": 0.5,
							"curve": "stepped"
						},
						{
							"time": 0.6667
						}
					]
				},
				"kuang_2": {
					"rotate": [
						{
							"curve": "stepped"
						},
						{
							"time": 0.3333,
							"curve": "stepped"
						},
						{
							"time": 0.5,
							"curve": "stepped"
						},
						{
							"time": 0.6667
						}
					],
					"translate": [
						{
							"curve": "stepped"
						},
						{
							"time": 0.3333,
							"curve": "stepped"
						},
						{
							"time": 0.5,
							"curve": "stepped"
						},
						{
							"time": 0.6667
						}
					],
					"scale": [
						{
							"curve": "stepped"
						},
						{
							"time": 0.3333,
							"curve": "stepped"
						},
						{
							"time": 0.5,
							"curve": "stepped"
						},
						{
							"time": 0.6667
						}
					]
				},
				"kuang_3": {
					"rotate": [
						{
							"curve": "stepped"
						},
						{
							"time": 0.3333,
							"curve": "stepped"
						},
						{
							"time": 0.5,
							"curve": "stepped"
						},
						{
							"time": 0.6667
						}
					],
					"translate": [
						{
							"curve": "stepped"
						},
						{
							"time": 0.3333,
							"curve": "stepped"
						},
						{
							"time": 0.5,
							"curve": "stepped"
						},
						{
							"time": 0.6667
						}
					],
					"scale": [
						{
							"curve": "stepped"
						},
						{
							"time": 0.3333,
							"curve": "stepped"
						},
						{
							"time": 0.5,
							"curve": "stepped"
						},
						{
							"time": 0.6667
						}
					]
				}
			}
		},
		"walk": {
			"bones": {
				"maozi_1": {
					"rotate": [
						{
							"curve": "stepped"
						},
						{
							"time": 0.2667,
							"curve": "stepped"
						},
						{
							"time": 0.5333,
							"curve": "stepped"
						},
						{
							"time": 0.8,
							"curve": "stepped"
						},
						{
							"time": 1.0667
						}
					],
					"translate": [
						{
							"curve": "stepped"
						},
						{
							"time": 0.2667,
							"curve": "stepped"
						},
						{
							"time": 0.5333,
							"curve": "stepped"
						},
						{
							"time": 0.8,
							"curve": "stepped"
						},
						{
							"time": 1.0667
						}
					],
					"scale": [
						{
							"curve": "stepped"
						},
						{
							"time": 0.2667,
							"curve": "stepped"
						},
						{
							"time": 0.5333,
							"curve": "stepped"
						},
						{
							"time": 0.8,
							"curve": "stepped"
						},
						{
							"time": 1.0667
						}
					]
				},
				"root": {
					"rotate": [
						{
							"curve": "stepped"
						},
						{
							"time": 0.2667,
							"curve": "stepped"
						},
						{
							"time": 0.5333,
							"curve": "stepped"
						},
						{
							"time": 0.8,
							"curve": "stepped"
						},
						{
							"time": 1.0667
						}
					],
					"translate": [
						{
							"curve": "stepped"
						},
						{
							"time": 0.2667,
							"curve": "stepped"
						},
						{
							"time": 0.5333,
							"curve": "stepped"
						},
						{
							"time": 0.8,
							"curve": "stepped"
						},
						{
							"time": 1.0667
						}
					],
					"scale": [
						{
							"curve": "stepped"
						},
						{
							"time": 0.2667,
							"curve": "stepped"
						},
						{
							"time": 0.5333,
							"curve": "stepped"
						},
						{
							"time": 0.8,
							"curve": "stepped"
						},
						{
							"time": 1.0667
						}
					]
				},
				"target2": {
					"rotate": [
						{
							"curve": "stepped"
						},
						{
							"time": 0.2667,
							"curve": "stepped"
						},
						{
							"time": 0.5333,
							"curve": "stepped"
						},
						{
							"time": 0.8,
							"curve": "stepped"
						},
						{
							"time": 1.0667
						}
					],
					"translate": [
						{
							"x": -84.54,
							"y": 14.48
						},
						{
							"time": 0.2667,
							"x": 36.23,
							"y": 41.41
						},
						{
							"time": 0.5333,
							"x": 118.38,
							"y": 15.13
						},
						{
							"time": 0.8,
							"x": -17.68,
							"y": -1.04
						},
						{
							"time": 1.0667,
							"x": -84.54,
							"y": 14.48
						}
					],
					"scale": [
						{
							"curve": "stepped"
						},
						{
							"time": 0.2667,
							"curve": "stepped"
						},
						{
							"time": 0.5333,
							"curve": "stepped"
						},
						{
							"time": 0.8,
							"curve": "stepped"
						},
						{
							"time": 1.0667
						}
					]
				},
				"ip": {
					"rotate": [
						{
							"angle": -4.97,
							"curve": "stepped"
						},
						{
							"time": 0.5333,
							"angle": -4.97,
							"curve": "stepped"
						},
						{
							"time": 1.0667,
							"angle": -4.97
						}
					],
					"translate": [
						{
							"y": -8.9
						},
						{
							"time": 0.2667
						},
						{
							"time": 0.5333,
							"y": -8.9
						},
						{
							"time": 0.8
						},
						{
							"time": 1.0667,
							"y": -8.9
						}
					],
					"scale": [
						{
							"curve": "stepped"
						},
						{
							"time": 0.2667,
							"curve": "stepped"
						},
						{
							"time": 0.5333,
							"curve": "stepped"
						},
						{
							"time": 0.8,
							"curve": "stepped"
						},
						{
							"time": 1.0667
						}
					]
				},
				"zuodabi": {
					"rotate": [
						{
							"angle": 60.4
						},
						{
							"time": 0.5333,
							"angle": -12.71
						},
						{
							"time": 1.0667,
							"angle": 60.4
						}
					],
					"translate": [
						{
							"x": -6.26,
							"y": -2.5
						},
						{
							"time": 0.5333,
							"x": 0.54,
							"y": -6.24
						},
						{
							"time": 1.0667,
							"x": -6.26,
							"y": -2.5
						}
					],
					"scale": [
						{
							"curve": "stepped"
						},
						{
							"time": 0.5333,
							"curve": "stepped"
						},
						{
							"time": 1.0667
						}
					]
				},
				"zuoxiaobi": {
					"rotate": [
						{
							"angle": 14.1
						},
						{
							"time": 0.5333
						},
						{
							"time": 1.0667,
							"angle": 14.1
						}
					],
					"translate": [
						{
							"curve": "stepped"
						},
						{
							"time": 0.5333,
							"curve": "stepped"
						},
						{
							"time": 1.0667
						}
					],
					"scale": [
						{
							"curve": "stepped"
						},
						{
							"time": 0.5333,
							"curve": "stepped"
						},
						{
							"time": 1.0667
						}
					]
				},
				"youdabi": {
					"rotate": [
						{
							"angle": -59.86
						},
						{
							"time": 0.5333,
							"angle": 12.32
						},
						{
							"time": 1.0667,
							"angle": -59.86
						}
					],
					"translate": [
						{
							"curve": "stepped"
						},
						{
							"time": 0.5333,
							"curve": "stepped"
						},
						{
							"time": 1.0667
						}
					],
					"scale": [
						{
							"curve": "stepped"
						},
						{
							"time": 0.5333,
							"curve": "stepped"
						},
						{
							"time": 1.0667
						}
					]
				},
				"youxiaobi": {
					"rotate": [
						{},
						{
							"time": 0.5333,
							"angle": 9.55
						},
						{
							"time": 1.0667
						}
					],
					"translate": [
						{
							"curve": "stepped"
						},
						{
							"time": 0.5333,
							"curve": "stepped"
						},
						{
							"time": 1.0667
						}
					],
					"scale": [
						{
							"curve": "stepped"
						},
						{
							"time": 0.5333,
							"curve": "stepped"
						},
						{
							"time": 1.0667
						}
					]
				},
				"zuodatui": {
					"rotate": [
						{
							"angle": -0.57,
							"curve": "stepped"
						},
						{
							"time": 0.2667,
							"angle": -0.57,
							"curve": "stepped"
						},
						{
							"time": 0.5333,
							"angle": -0.57,
							"curve": "stepped"
						},
						{
							"time": 0.8,
							"angle": -0.57,
							"curve": "stepped"
						},
						{
							"time": 1.0667,
							"angle": -0.57
						}
					],
					"translate": [
						{
							"x": 7.85,
							"y": -8.8
						},
						{
							"time": 0.5333,
							"x": 18.87,
							"y": -9.5
						},
						{
							"time": 1.0667,
							"x": 7.85,
							"y": -8.8
						}
					],
					"scale": [
						{
							"curve": "stepped"
						},
						{
							"time": 0.2667,
							"curve": "stepped"
						},
						{
							"time": 0.5333,
							"curve": "stepped"
						},
						{
							"time": 0.8,
							"curve": "stepped"
						},
						{
							"time": 1.0667
						}
					]
				},
				"zuoxiaotui": {
					"rotate": [
						{
							"angle": 1.16,
							"curve": "stepped"
						},
						{
							"time": 0.2667,
							"angle": 1.16,
							"curve": "stepped"
						},
						{
							"time": 0.5333,
							"angle": 1.16,
							"curve": "stepped"
						},
						{
							"time": 0.8,
							"angle": 1.16,
							"curve": "stepped"
						},
						{
							"time": 1.0667,
							"angle": 1.16
						}
					],
					"translate": [
						{
							"curve": "stepped"
						},
						{
							"time": 0.2667,
							"curve": "stepped"
						},
						{
							"time": 0.5333,
							"curve": "stepped"
						},
						{
							"time": 0.8,
							"curve": "stepped"
						},
						{
							"time": 1.0667
						}
					],
					"scale": [
						{
							"curve": "stepped"
						},
						{
							"time": 0.2667,
							"curve": "stepped"
						},
						{
							"time": 0.5333,
							"curve": "stepped"
						},
						{
							"time": 0.8,
							"curve": "stepped"
						},
						{
							"time": 1.0667
						}
					]
				},
				"youdatui": {
					"rotate": [
						{
							"angle": -1.49,
							"curve": "stepped"
						},
						{
							"time": 0.2667,
							"angle": -1.49,
							"curve": "stepped"
						},
						{
							"time": 0.5333,
							"angle": -1.49,
							"curve": "stepped"
						},
						{
							"time": 0.8,
							"angle": -1.49,
							"curve": "stepped"
						},
						{
							"time": 1.0667,
							"angle": -1.49
						}
					],
					"translate": [
						{
							"x": -0.92,
							"y": -4.6
						},
						{
							"time": 0.5333,
							"x": -17.16,
							"y": -1.13
						},
						{
							"time": 1.0667,
							"x": -0.92,
							"y": -4.6
						}
					],
					"scale": [
						{
							"curve": "stepped"
						},
						{
							"time": 0.2667,
							"curve": "stepped"
						},
						{
							"time": 0.5333,
							"curve": "stepped"
						},
						{
							"time": 0.8,
							"curve": "stepped"
						},
						{
							"time": 1.0667
						}
					]
				},
				"youxiaotui": {
					"rotate": [
						{
							"angle": 2.9,
							"curve": "stepped"
						},
						{
							"time": 0.2667,
							"angle": 2.9,
							"curve": "stepped"
						},
						{
							"time": 0.5333,
							"angle": 2.9,
							"curve": "stepped"
						},
						{
							"time": 0.8,
							"angle": 2.9,
							"curve": "stepped"
						},
						{
							"time": 1.0667,
							"angle": 2.9
						}
					],
					"translate": [
						{
							"curve": "stepped"
						},
						{
							"time": 0.2667,
							"curve": "stepped"
						},
						{
							"time": 0.5333
						},
						{
							"time": 0.8,
							"x": 8.29,
							"y": 7.88
						},
						{
							"time": 1.0667
						}
					],
					"scale": [
						{
							"curve": "stepped"
						},
						{
							"time": 0.2667,
							"curve": "stepped"
						},
						{
							"time": 0.5333,
							"curve": "stepped"
						},
						{
							"time": 0.8,
							"curve": "stepped"
						},
						{
							"time": 1.0667
						}
					]
				},
				"biaoqing": {
					"rotate": [
						{},
						{
							"time": 0.5333,
							"angle": -1.58
						},
						{
							"time": 1.0667
						}
					],
					"translate": [
						{
							"curve": "stepped"
						},
						{
							"time": 0.5333,
							"curve": "stepped"
						},
						{
							"time": 1.0667
						}
					],
					"scale": [
						{
							"curve": "stepped"
						},
						{
							"time": 0.5333,
							"curve": "stepped"
						},
						{
							"time": 1.0667
						}
					]
				},
				"toufa": {
					"rotate": [
						{
							"curve": "stepped"
						},
						{
							"time": 0.2667,
							"curve": "stepped"
						},
						{
							"time": 0.5333,
							"curve": "stepped"
						},
						{
							"time": 0.8,
							"curve": "stepped"
						},
						{
							"time": 1.0667
						}
					],
					"translate": [
						{
							"curve": "stepped"
						},
						{
							"time": 0.2667,
							"curve": "stepped"
						},
						{
							"time": 0.5333,
							"curve": "stepped"
						},
						{
							"time": 0.8,
							"curve": "stepped"
						},
						{
							"time": 1.0667
						}
					],
					"scale": [
						{
							"curve": "stepped"
						},
						{
							"time": 0.2667,
							"curve": "stepped"
						},
						{
							"time": 0.5333,
							"curve": "stepped"
						},
						{
							"time": 0.8,
							"curve": "stepped"
						},
						{
							"time": 1.0667
						}
					]
				},
				"kuang_1": {
					"rotate": [
						{
							"curve": "stepped"
						},
						{
							"time": 0.2667,
							"curve": "stepped"
						},
						{
							"time": 0.5333,
							"curve": "stepped"
						},
						{
							"time": 0.8,
							"curve": "stepped"
						},
						{
							"time": 1.0667
						}
					],
					"translate": [
						{
							"curve": "stepped"
						},
						{
							"time": 0.2667,
							"curve": "stepped"
						},
						{
							"time": 0.5333,
							"curve": "stepped"
						},
						{
							"time": 0.8,
							"curve": "stepped"
						},
						{
							"time": 1.0667
						}
					],
					"scale": [
						{
							"curve": "stepped"
						},
						{
							"time": 0.2667,
							"curve": "stepped"
						},
						{
							"time": 0.5333,
							"curve": "stepped"
						},
						{
							"time": 0.8,
							"curve": "stepped"
						},
						{
							"time": 1.0667
						}
					]
				},
				"target1": {
					"rotate": [
						{
							"curve": "stepped"
						},
						{
							"time": 0.2667,
							"curve": "stepped"
						},
						{
							"time": 0.5333,
							"curve": "stepped"
						},
						{
							"time": 0.8,
							"curve": "stepped"
						},
						{
							"time": 1.0667
						}
					],
					"translate": [
						{
							"x": 80.23,
							"y": 12.18
						},
						{
							"time": 0.2667,
							"x": -55.64,
							"y": 4.68
						},
						{
							"time": 0.5333,
							"x": -117.66,
							"y": 26
						},
						{
							"time": 0.8,
							"x": 11.44,
							"y": 38.48
						},
						{
							"time": 1.0667,
							"x": 80.23,
							"y": 12.18
						}
					],
					"scale": [
						{
							"curve": "stepped"
						},
						{
							"time": 0.2667,
							"curve": "stepped"
						},
						{
							"time": 0.5333,
							"curve": "stepped"
						},
						{
							"time": 0.8,
							"curve": "stepped"
						},
						{
							"time": 1.0667
						}
					]
				},
				"youjiao": {
					"rotate": [
						{
							"angle": -2.52
						},
						{
							"time": 0.2667,
							"angle": 13.98
						},
						{
							"time": 0.5333,
							"angle": -2.33
						},
						{
							"time": 1.0667,
							"angle": -2.52
						}
					],
					"translate": [
						{
							"x": 0.72,
							"y": -5.59
						},
						{
							"time": 0.2667,
							"x": 3.7,
							"y": -9.6
						},
						{
							"time": 0.5333,
							"x": 7.57,
							"y": -6.08
						},
						{
							"time": 0.8,
							"x": 6.93,
							"y": -3.95
						},
						{
							"time": 1.0667,
							"x": 0.72,
							"y": -5.59
						}
					],
					"scale": [
						{
							"curve": "stepped"
						},
						{
							"time": 0.5333,
							"curve": "stepped"
						},
						{
							"time": 1.0667
						}
					]
				},
				"zuojiao": {
					"rotate": [
						{
							"curve": "stepped"
						},
						{
							"time": 0.5333
						},
						{
							"time": 0.8,
							"angle": 19.27
						},
						{
							"time": 1.0667
						}
					],
					"translate": [
						{
							"curve": "stepped"
						},
						{
							"time": 0.5333
						},
						{
							"time": 0.8,
							"x": -6.54,
							"y": -5.7
						},
						{
							"time": 1.0667
						}
					],
					"scale": [
						{
							"curve": "stepped"
						},
						{
							"time": 0.5333,
							"curve": "stepped"
						},
						{
							"time": 1.0667
						}
					]
				}
			}
		}
	}
}